id;first_name;last_name
8;"Kodanda Rami Reddy";A.
17;Safdar;Aah
23;Pål;Aam
59;"Khwaja Ahmad";Abbas
62;Shukhrat;Abbasov
93;Fatin;"Abdel Wahab"
194;Jim;Abrahams
198;Leonard;Abrahamson
218;Hans;Abramson
246;Hany;Abu-Assad
267;Joe;Aceti
280;Jean;Achache
283;N.R.;Acharya
288;Stuart;Acher
297;Herbert;Achternbusch
302;Karpo;Acimovic-Godina
344;Jonty;Acton
359;"Peter (I)";Adair
365;Jean-François;Adam
459;"Moses Olaya";Adejumo
523;Marc;Adrian
526;Stuart;Adriance
570;K.C.;Agarwal
585;Anders;Agger
592;Gabriel;Aghion
610;Ignazio;Agosta
611;Silvano;Agosti
614;Juliana;Agosto
657;Amable;Aguiluz
667;"Javier (I)";Aguirre
685;Lun;Ah
720;Mohsen;Ahmed
724;"Tanvir (II)";Ahmed
747;Ashok;Ahuja
753;Andreas;Aichmayr
757;Danny;"Aiello III"
836;Chantal;Akerman
865;Yutaka;Akiyama
967;Benito;Alazraki
980;Giovanni;Albanese
983;Gianfranco;Albano
1014;Rene;Alberta
1019;Bitto;Albertini
1029;Quinto;Albicocco
1102;Robert;Aldrich
1137;Patrick;Alessandrin
1138;Goffredo;Alessandrini
1178;"Stuart (I)";Alexander
1184;Zbigniew;Alexander
1206;Sherman;Alexie
1217;Sebastián;Alfie
1225;Daniel;Alfredson
1239;Muhammad;"Ali Adeeb"
1246;Muzaffar;Ali
1328;Irving;Allen
1376;Sepp;Allgeier
1394;Merzak;Allouache
1402;Marc;Allégret
1432;Darren;Almond
1444;Nathalie;"Alonso Casale"
1460;"Marcelo (II)";Alonso
1493;"Emmett (I)";Alston
1498;Filippo;Altadonna
1529;"Robert (I)";Altman
1559;Alejandro;Alvarado
1575;"Juan Luis";Alvarez
1578;"Marina (I)";Alvarez
1627;Silvio;Amadio
1632;Alfonso;Amador
1687;Raju;Ambaran
1689;Soman;Ambatt
1695;Gunila;Ambjörnsson
1717;Jonathan;Ameli
1719;Gianni;Amelio
1723;Mario;Amendola
1731;Alejandro;Amenábar
1745;Jorge;Amezquita
1760;Shimit;Amin
1772;Ardak;Amirkulov
1790;"Álvaro del";Amo
1801;Vicente;Amorim
1846;Chetan;Anand
1852;Ketan;Anand
1855;"S.L. Puram";Anand
1908;Asbjørn;Andersen
1929;"Stig (I)";Andersen
2000;"Michael (I)";Anderson
2068;Armando;Andrade
2113;Anne;Andreu
2172;Henri;Andréani
2194;Cruz;Angeles
2255;Martin;Anibas
2316;Mikheil;Antadze
2324;Vernon;Antcliff
2326;Franz;Antel
2407;Cristina;Antunes
2442;Thierry;Aoudja
2511;Michael;Apted
2530;Sherif;Arafa
2575;Semyon;Aranovich
2580;José;"Araripe Jr."
2594;Claudia;Aravena
2640;"Juan Carlos";Arch
2649;"Mark (I)";Archer
2683;Emile;Ardolino
2721;Dario;Argento
2737;Prarthna;Arias
2794;Albert;Arliss
2850;Moira;Armstrong
2891;Blake;Arnold
2934;David;Aronowitsch
2992;Stefan;Arsenijevic
3033;Ragnar;Arvedson
3099;Hal;Ashby
3113;William;Asher
3134;Birgitt;Ashoff
3156;Hassan;Askari
3181;Matthew;Asner
3252;Aleksandr;Atanesyan
3353;Véronique;Aubouy
3357;François;Aubry
3385;Isabelle;Auger
3393;Kenneth;August
3408;Jean;Aurel
3442;"Ray (I)";Austin
3451;"Luis Eduardo";Aute
3463;Aram;Avakian
3512;Upi;Avianto
3514;Manuel;"Avila Camacho"
3519;"John G.";Avildsen
3545;Robert;Awad
3566;Fernando;Ayala
3570;Kianoush;Ayari
3583;"David (II)";Aylott
3608;Nicolas;Azalbert
3732;Vuk;Babic
3753;Manoj;Babu
3756;Paul;Babu
3764;Michel;"Babut du Marès"
3822;Lloyd;Bacon
3825;Péter;Bacsó
3827;Sarvottam;Badami
3833;Alberto;Bader
3858;Ahmed;Badrakhan
3887;Germain;Baert
3898;Michael;Bafaro
3985;Fenton;Bailey
4043;"David (II)";Bairstow
4115;"Robert S.";Baker
4132;Samantha;Bakhurst
4138;Kostas;Bakodimos
4144;Ralph;Bakshi
4158;K.;Balachander
4173;Miroslav;Balajka
4178;K.;Balakrishnan
4196;Roman;Balayan
4213;Gianfranco;Baldanello
4241;Lucy;Baldwin
4246;"Ruth Ann";Baldwin
4274;Janko;Baljak
4276;Teodor;Balk
4338;Herbert;Ballmann
4353;Béla;Balogh
4371;P.;Balthasar
4395;Bernhard;Bamberger
4460;"Cynthia (II)";Banks
4467;Monty;Banks
4472;Lóránd;Banner-Szûcs
4478;Binoy;Bannerjee
4505;Pip;Banyard
4509;K.;Bapaiah
4510;Clement;Baptista
4523;Uri;Bar-On
4576;Randy;Barbato
4616;Enzo;Barboni
4638;Lisset;Barcellos
4665;"Juan Antonio";Bardem
4687;"Bent H.";Barfod
4700;Céline;Baril
4825;Nicole;Barnette
4856;Luis;Barone
4978;Steve;Barron
5041;Aaron;Barsky
5047;Gabriel;Barta
5095;David;Barto
5109;"Charles (I)";Barton
5126;Art;Bartsch
5159;Tunç;Basaran
5163;K.C.;Bascombe
5168;Tevfik;Baser
5171;Nir;Bashan
5177;Harry;Basil
5198;Hyatt;Bass
5199;Jules;Bass
5231;Branislav;Bastac
5249;Raj;Basu
5264;Joy;Batchelor
5365;Igor;Bauersima
5409;Michael;Baumgarten
5410;Norbert;Baumgarten
5414;Peter;Baumgartner
5426;Andy;Bausch
5444;Lamberto;Bava
5445;Mario;Bava
5499;Luis;"Bayón Herrera"
5509;Camillo;Bazzoni
5584;Harold;Beaudine
5603;Peter;Beauvais
5622;Rebeca;"Becerril Meza"
5624;Guillermo;Becerril
5628;Jorge;Bechara
5701;Stephen;Beckner
5722;"Rajinder Singh";Bedi
5760;Sebastian;Beer
5786;Jeanne;Begley
5803;Nina;Behar
5852;Jean-Jacques;Beineix
6053;Michael;Beltrami
6177;Shyam;Benegal
6270;"Nancy (III)";Bennett
6290;James;Benning
6293;Bill;Bennington
6324;Jacques;Bensimon
6409;Luis;Berdejo
6423;Bruce;Beresford
6432;Bengt;Berg
6552;Sergio;Bergonzelli
6558;"Hans (II)";Bergström
6608;Myles;Berkowitz
6672;Cristian;Bernard
6692;Jean;Bernard-Derosne
6705;Miro;Bernat
6721;Gösta;Bernhard
6762;Stephen;Berra
6796;"Richard (I)";Berry
6852;"David L.";Bertman
6862;Bernardo;Bertolucci
6877;Diane;Bertrand
6895;Jan;Beránek
6940;"Antonio José";Betancor
6967;Kris;Betz
7009;"Frank (I)";Beyer
7031;Thomas;Bezucha
7040;K.;Bhagyaraja
7049;Madhur;Bhandarkar
7058;Raj;Bharat
7075;"P. (I)";Bhaskaran
7082;Rajendra;Bhatia
7086;Balwant;Bhatt
7090;"Mahesh (I)";Bhatt
7091;Nanabhai;Bhatt
7098;Vikram;Bhatt
7105;Basu;Bhattacharya
7107;Haridas;Bhattacharya
7125;A.;Bhimsingh
7127;Avtar;Bhogal
7136;"Ashok V.";Bhushan
7248;Vincent;Bierrewaerts
7264;Julian;Biggs
7268;Richard;Bigotini
7304;Tony;Bill
7335;Vardit;Bilu
7347;Steve;Binder
7371;Lateef;Binny
7372;Václav;Binovec
7377;Claude;Binyon
7382;"Apurba Kishore";Bir
7420;Jane;Birkin
7473;"Tom (IV)";Bishop
7490;Sophie;Bissonnette
7501;Hartmut;Bitomsky
7550;Klara;Björk
7554;Stig;Björkman
7588;"Laurann Lento";Black
7635;Andrei;Blaier
7735;"Jesús (I)";Blanco
7736;Jimena;Blanco
7764;Richard;Blank
7791;Lilliana;Blaser
7792;Alessandro;Blasetti
7823;Jeff;Bleckner
7829;Celino;Bleiweiß
7841;Bertrand;Blier
7876;Marion;Bloem
7893;Anthony;Blond
7911;Mattias;Bloom
7987;"John G.";Blystone
7994;Armando;Bo
8020;Jacques;Bobet
8111;Theu;Boermans
8112;Moritz;Boerner
8116;Carl;Boese
8193;José;Bohr
8211;Ingolf;Boisen
8212;Christian;Boisliveau
8224;Ulla;"Boje Rasmussen"
8228;Alberto;Bojórquez
8230;K.C.;Bokadia
8248;Hugo;Bolander
8255;Rainer;Boldt
8357;"Marco Antonio";Bonda
8358;Fyodor;Bondarchuk
8360;Sergei;Bondarchuk
8387;Kostadin;Bonev
8427;Mario;Bonnard
8460;Zoltán;Bonta
8479;Justin;Bookey
8499;Lennart;Boorsma
8500;Vincent;Boorsma
8521;"Walter R.";Booth
8542;"Carlos F.";Borcosque
8687;Jason;Bortz
8702;Juan;Bosch
8714;Amit;Bose
8718;Debaki;Bose
8722;Modhu;Bose
8727;Satyen;Bose
8756;Jerzy;Bossak
8759;Jürgen;Bosse
8791;Paulino;Botelho
8807;Franco;Bottari
8860;Laurent;Bouhnik
8861;Mette;Bouhuijs
8864;Paul;Boujenah
8887;Toni;Boumans
8911;Didier;Bourdon
8963;Roger;Boussinot
8965;Pierre-André;Boutang
8973;Christophe;Boutin
8996;Laurent;Bouzereau
9031;"Charles R.";Bowers
9040;John;Bowker
9055;Chuck;Bowman
9072;Tim;Boxell
9083;Ross;Boyask
9132;Bernie;Boyle
9134;Danny;Boyle
9197;Harry;Bradbeer
9227;John;Bradshaw
9253;"Carlo Ludovico";Bragaglia
9271;Vasilije;Brajovic
9326;Laurent;Brandenbourger
9354;Carsten;Brandt
9382;Bruce;Branit
9387;Truck;Branss
9430;Ronald;Brault
9478;Harlo;Bray
9510;Max;Brecher
9530;Buddy;Bregman
9534;Dietmar;Brehm
9537;Anja;Breien
9565;Aloiz;Brench
9586;Herbert;Brenon
9660;Manon;Briand
9683;Duncan;Bridgeman
9691;"James (I)";Bridges
9693;Lawrence;Bridges
9715;"Bob (II)";Briggs
9865;Hugh;Brody
9871;"Ron (IV)";Brody
9919;Daniel;Bronzite
9920;Mara;Bronzoni
9932;"Van Dyke";Brooke
9969;"Philip (I)";Brooks
9970;"Richard (I)";Brooks
10079;Ellen;Brown
10108;Joshua;Brown
10112;"Ken (I)";Brown
10119;"Margaret (II)";Brown
10121;"Margaret Luce";Brown
10124;"Melville W.";Brown
10191;Kevin;Brownlow
10194;Lee;Brownstein
10218;"Robert C. (I)";Bruce
10379;Zbynek;Brynych
10383;"Eva Ilona";Brzeski
10408;Hanno;Brühl
10416;Gene;Bua
10436;Larry;Buchanan
10449;Martin;Buchhorn
10457;José;Buchs
10515;Gerald;Budner
10516;Paul;Budnitz
10540;Rene;Bueno
10554;Ryszard;Bugajski
10593;Milos;Bukumirovic
10596;Zózimo;Bulbul
10598;N.G.;Bulchandani
10600;"Stephanie Leigh";Bulgarino
10637;Boris;Buneyev
10649;Richard;Buntario
10735;"Stephen (I)";Burke
10747;Arline;Burks
10754;Michael;Burlingame
10758;Daniel;Burman
10809;"Kevin (III)";Burns
10930;Boris;Bushmelev
10938;Harry;Buss
10982;"Mary Ellen";Bute
10985;Alexander;Butler
11063;Guillermina;Buzio
11065;Matthew;Buzzell
11070;Luis;Buñuel
11082;Jang-ho;Byeon
11095;Louise;Bylicki
11133;István;"Bácskai Lauro"
11134;Frigyes;Bán
11143;Rainer;Bär
11175;Philippe;Bérenger
11205;Lars;Büchel
11220;Georg;Büsch
11229;Rao;C.S.R.
11250;Christy;Cabanne
11332;Adrián;Caetano
11367;"Edward L.";Cahn
11373;Mario;Caiano
11391;Silvio;Caiozzi
11465;Gianluigi;Calderone
11492;Michael;Caleo
11495;Blake;Calhoun
11506;Bob;Calinescu
11509;Raymundo;Calixto
11548;Marty;Callner
11557;Roy;Calnek
11565;Daniel;Calparsoro
11574;Nicolás;Calvar
11585;Cecilia;Calvi
11608;Art;Camacho
11649;"Douglas (IV)";Cameron
11652;"James (I)";Cameron
11679;"Gerda Johanna";Cammaer
11690;Joe;"Camp III"
11736;"John (XVI)";Campbell
11806;Sebastián;Campos
11812;Eduardo;Campoy
11857;Kat;Candler
11906;Riccardo;Cannone
12068;"Jason A.";Carbone
12074;"María de Lourdes";Carbonell
12086;Tim;Card
12099;Pierre;Cardinal
12110;René;"Cardona III"
12111;René;"Cardona Jr."
12114;René;Cardona
12117;Alberto;Cardone
12125;"José Adalto";Cardoso
12168;Enrico;Caria
12182;"Helle Retbøll";Carl
12189;Gilles;Carle
12235;"Wallace A.";Carlson
12258;Göran;Carmback
12280;Fernando;"Carneiro Mendes"
12357;Adrian;Carr
12360;Bret;Carr
12389;Arturo;Carrari
12421;"Carlos (I)";Carrera
12425;Enrique;Carreras
12435;Gil;Carretero
12436;"José María";Carreño
12462;Marcel;Carrière
12489;Bill;Carruthers
12556;Rudolph;Cartier
12567;Emilio;"Cartoy Díaz"
12668;Mario;Caserini
12709;Henry;Cass
12724;Erin;Cassidy
12747;Graça;Castanheira
12768;Leandro;Castellani
12774;"Enzo G.";Castellari
12776;Dido;Castelli
12781;"José María (I)";Castellví
12814;"Roberto (II)";Castillo
12821;"Dan (I)";Castle
12825;"Nick (I)";Castle
12826;William;Castle
12852;Isa;Castro
12896;Gil;"Cates Jr."
12897;Gilbert;Cates
12925;Jamie;Catto
12990;Paolo;Cavara
12992;Pierre;Cavassilas
13025;"Óscar del";Caz
13037;Patrice;Cazes
13044;Manuel;Caño
13062;Vladimír;Cech
13078;Lucía;Cedrón
13093;David;Celestinos
13098;Louis;Celis
13107;Rebecca;Cely
13139;Domènec;Ceret
13171;Mark;Cerulli
13176;"Gonzalo T.";Cervantes
13203;Marcelo;Cespedes
13208;Sinan;Cetin
13226;Enric;Chabert
13260;Youssef;Chahine
13263;Ilya;Chaiken
13287;Pramod;Chakravorty
13303;Guy;Chalon
13334;"Jim (I)";Chambers
13357;Caroline;Champetier
13359;Henri;Champetier
13363;Gower;Champion
13376;"Alan (I)";Chan
13407;"Jackie (I)";Chan
13468;Tanuja;Chandra
13469;P.;Chandrakumar
13471;K.K.;Chandran
13504;Kil-soo;Chang
13514;Sylvia;Chang
13521;Yang;Chang
13630;"José Pedro";Charlo
13700;Pete;Chatmon
13705;Biplab;Chatterjee
13706;Digambar;Chatterjee
13711;Nabyendu;Chatterjee
13737;Charles;Chauvel
13795;Sammy;Chekhes
13805;Kottayam;Chellappan
13835;"Hung Min";Chen
13866;Verónica;Chen
13911;Chad;Chenouga
13937;Sanin;Cherques
13941;Evelyn;Cherry
13942;Lawrence;Cherry
13973;Alfred;Cheung
13974;"Chi Chiu";Cheung
13999;Sum;Cheung
14093;Alcides;Chiesa
14135;"Andy Wing-Keung";Chin
14149;Siu-Tung;Ching
14186;Leela;Chitnis
14195;"Sung Kee";Chiu
14210;Franek;Chmiel
14243;"Ha Won";Choi
14245;Hun;Choi
14257;Yeong-cheol;Choi
14295;Ravi;Chopra
14297;"Vidhu Vinod";Chopra
14298;Yash;Chopra
14335;R.S.;Choudhury
14397;"Nils Reinhardt";Christensen
14429;Sune;Christiansen
14433;Charles;Christie
14463;"Mark (I)";Christopher
14521;Kim;Chun
14538;Linus;Chung
14566;Jaime;Chávarri
14810;Eoin;Clarke
14814;Isabelle;Clarke
14864;Stéphane;Clavier
14914;Rolf;Clemens
14934;Harry;Cleven
14952;Danny;Clinch
14954;"Edward F.";Cline
15060;Jean;Cocteau
15119;"Avi (I)";Cohen
15163;Maurice;Cohen
15183;"Richard (I)";Cohen
15227;Isabel;Coixet
15240;Sergio;Colasanti
15255;Webster;Colcord
15292;Randall;Cole
15293;Randel;Cole
15298;A.E.;Coleby
15322;Bob;Coles
15370;Nat;Colley
15399;Boon;Collins
15416;"Lewis D.";Collins
15439;Adam;Collis
15447;"Jason Paul";Collum
15448;Bud;Collyer
15460;Denys;"Colomb Daunant"
15523;Luigi;Comencini
15571;Attilio;Concari
15687;Dennis;Conroy
15707;F.H.;Constantino
15725;"James A.";Contner
15727;Aníbal;Contreiras
15746;Jack;Conway
15797;"Gregory (I)";Cooke
15822;Sean;Cooney
15862;"Stuart (I)";Cooper
15885;Timothy;Copestake
15892;Freddy;Coppens
15938;Bruno;Corbucci
15940;Sergio;Corbucci
15942;Angie;Corcetti
15986;Jan;Cordsen
15989;Rafael;Corella
16015;Ibón;Cormenzana
16016;Alison;Corn
16031;"John (I)";Cornell
16036;Jeremy;Corner
16040;Hubert;Cornfield
16145;"Alberto (II)";Cortés
16149;Fernando;Cortés
16156;Rodrigo;Cortés
16173;Jorge;Coscia
16174;William;Cosel
16229;"Ricardo (I)";Costa
16233;Ruy;Costa
16252;"Rocky (I)";Costanzo
16274;"Bill (I)";Cote
16366;"Albert de";Courville
16385;Eduardo;Coutinho
16391;Luís;Couto
16432;Will;Cowan
16501;Ray;Cozine
16520;"Ken (II)";Craig
16529;Joey;Craine
16599;Gianni;Crea
16600;Philip;Creager
16621;Ludwig;Cremer
16666;Michael;Crichton
16750;John;Cromwell
16819;"Russell (I)";Crowe
16856;Palomo;"Cruz Delgado"
16869;"Jaime (II)";Cruz
16887;Billy;Crystal
16906;László;Cserépy
16948;Michael;Cuesta
16965;Jacky;Cukier
16970;Shamus;Culhane
16973;Birgit;Cullberg
16988;Mark;Cullingham
17014;Drew;Cummings
17026;Samuel;Cummins
17054;"Jeff (I)";Cunningham
17095;Jürgen;Curleis
17111;"Gordon (I)";Currie
17154;Michael;Curtiz
17208;"René Richard";Cyr
17330;Harry;D'Arcy
17338;Luca;D'Ascanio
17348;Carmen;d'Avis
17349;Josef;d'Bache-Kane
17364;Philippe;d'Hauterive
17383;Lawrence;D'Souza
17402;Mota;"da Costa"
17425;Shibiao;Da
17496;Eva;Dahr
17590;Cal;Dalton
17673;Mircea;Daneliuc
17706;Jacques;Daniel-Norman
17733;Sergei;Danilin
17764;Pepe;Danquart
17776;"Joe (I)";Dante
17896;"Dinesh Ranjan";Das
17910;"Narayana Rao";Dasari
17919;Sukumar;Dasgupta
17935;Jules;Dassin
17961;Ken;Daurio
17971;Ravindra;Dave
17983;Kerri;Davenport-Burton
17984;Delmer;Daves
18007;Gertrud;David
18069;"Bill (II)";Davies
18102;Sammy;"Davis Jr."
18107;"Andrew (I)";Davis
18131;"Damian (I)";Davis
18143;"Douglas G.";Davis
18178;"Lee (III)";Davis
18184;"Michael (II)";Davis
18193;"Nick (I)";Davis
18212;"Stephen (III)";Davis
18252;David;Dawkins
18254;"Herbert M.";Dawley
18325;Gilberto;"de Anda"
18327;"Raúl (I)";"de Anda"
18329;Rodolfo;"de Anda"
18376;Leo;"De Bernardinis"
18386;Gerard;"De Boe"
18389;Edward;"De Bono"
18406;Maurice;"de Canonge"
18439;Luciano;"De Crescenzo"
18477;Chianca;"de Garcia"
18491;Joseph;"De Grasse"
18530;Hippolyte;"De Kempeneer"
18562;Pim;"de la Parra"
18587;Clemens;"De Landtsheer"
18620;Luis;"de Llano Macedo"
18638;António;"de Macedo"
18639;Fernando;"de Madariaga"
18649;"Alberto (I)";"De Martino"
18665;António;"de Meneses"
18669;Thierry;"De Mey"
18686;Ron;"de Moraes"
18699;Frédéric;"de Nexon"
18716;Manoel;"de Oliveira"
18724;Brian;"De Palma"
18756;Fabián;"De Posada"
18809;Pierre-Jean;"de San Bartolomé"
18918;Alberto;"De Zavalia"
18938;Basil;Dean
18996;Yann;Debonne
19005;Bob;Debug
19011;Françoise;Decaux-Thomelet
19017;Nora;Dechant
19031;Henri;Decoin
19034;"Bert (I)";Decorte
19106;Felipe;Degregori
19126;Miriam;Dehne
19137;Maciej;Dejczer
19143;Charles;Dekeukeleire
19167;"Ubaldo Maria";"Del Colle"
19202;Roy;"Del Ruth"
19256;Pete;DeLasho
19294;"Fernando (I)";Delgado
19300;"Miguel M. (I)";Delgado
19309;Francis;Delia
19325;Georgi;Deliyev
19329;Enzo;Dell'Aquila
19349;Adrian;Dellevergin
19360;Joseph;Delmont
19400;André;Delvaux
19403;Benoît;Delépine
19404;Joe;DeMaio
19410;Lucas;Demare
19433;Eames;Demetrios
19448;Turgut;Demirag
19491;Oto;Denes
19540;Naomi;Dennison
19551;Jorge;Denti
19573;Raymond;Depardon
19581;Hans;Deppe
19589;Jacques;Deray
19603;Miljenko;Dereta
19652;Paul;"Des Chenes"
19655;François;Desagnat
19660;Dhirubhai;Desai
19664;Jayant;Desai
19667;Manmohan;Desai
19671;Ramanlal;Desai
19675;V.C.;Desai
19689;Esteban;Descalzo
19734;Patrick;Desmond
19783;Katharina;Deus
19790;Gustav;Deutsch
19792;"Peter (II)";Deutsch
19858;Bernard;Devlin
19914;Federico;"Deán Sánchez"
19915;Alfréd;Deésy
19923;Guddu;Dhanoa
19927;Datta;Dharmadhikari
19929;David;Dhawan
19939;Guy;Dhuit
19961;Tina;"Di Feliciantonio"
20105;Nigel;Dick
20120;Lorna;Dickinson
20133;Deborah;Dickson
20141;Marc;Didden
20162;Joris;Diels
20167;Kalifa;Dienta
20237;"John Francis";Dillon
20259;Michael;Dimich
20275;Jordan;DiNapoli
20287;H.;Dinesh
20329;Eric;Dionysius
20338;Vince;DiPersio
20367;Brad;Dismukes
20410;"Joe (V)";Dixon
20417;"Tyrone D.";Dixon
20443;"Aleksandar (I)";Djordjevic
20466;Dejan;Djurkovic
20477;"Jorge Brum";"do Canto"
20488;Darren;Doane
20640;Mart;Dominicus
20646;Oliver;Dommenget
20717;Peter;Donev
20755;Jörn;Donner
20767;Chris;Donovan
20771;"Jim (II)";Donovan
20834;Alejandro;Doria
20864;Wolfgang;Dorninger
20896;Raúl;"dos Santos Freire"
20904;Chaturbhuj;Doshi
20927;Wilfried;Dotzel
20952;Joseph;Dougherty
21016;Vladimir;Dovgan
21017;Victor;Dovhalyuk
21061;Wallace;Downey
21074;Michael;Dowse
21120;Carla;Drago
21138;Arnold;Drake
21148;Laurent;Drancourt
21187;Arthur;Dreifuss
21234;Paul;Driessen
21337;Göran;"du Rées"
21350;Anselmo;Duarte
21406;Jacques;Dubuisson
21414;"José Antonio";Duce
21433;Pascal;Duchène
21443;Philippe;Ducrest
21472;Michal;Dudziewicz
21546;"Gregory (I)";Duke
21612;"Patrick Sheane";Duncan
21635;Heinz;Dunkhase
21638;Richard;Dunlap
21677;"Henri (I)";Duparc
21678;François;Dupeyron
21737;J.V.;Durden
21775;Xavier;Durringer
21788;"Fernando (I)";"Durán Rojas"
21789;"Antonio (II)";Durán
21805;Vittorio;Duse
21834;"Guru (I)";Dutt
21836;Mukul;Dutt
21843;Deva;Dutta
21848;O.P.;Dutta
21849;Salil;Dutta
21866;Julien;Duvivier
21888;Allan;Dwan
21904;"Maurice A.";Dwyer
21954;Jorge;Dyszel
21960;Nana;Dzhordzhadze
21978;András;Dési
22016;Víctor;Dínenzon
22019;Frank;Döhmann
22045;Satyanarayana;E.V.V.
22053;"David J.";Eagle
22065;"Charles (I)";Eames
22067;Ray;Eames
22079;Tony;Earnshaw
22082;"B. Reeves";Eason
22104;Clint;Eastwood
22122;Kristoffer;"Eber Copeland"
22130;Robert;Eberly
22141;"Douglas J.";Eboch
22152;Antonio;Eceiza
22153;Enrique;Echaniz
22160;Paul;Echeverria
22192;Jeff;Economy
22199;Edmund;Edel
22205;Noah;Edelson
22251;George;Edwardes-Hall
22255;Blake;Edwards
22300;"Sian (II)";Edwards
22318;Paul;Eenens
22355;"Jörg A.";Eggers
22373;István;Egri
22407;Richard;Eichberg
22444;Oddvar;Einarson
22481;Theodor;Eisner
22532;Fouad;"El Jazairly"
22559;Hassan;El-Seify
22603;"Clifford S.";Elfelt
22693;"Bill (VIII)";Elliott
22742;"Simon (II)";Ellis
22786;Ossi;Elstelä
22799;Bertrand;Eluerd
22823;Gert;Embrechts
22859;Bert;Emmett
22862;E.W.;Emo
22863;Bernard;Emond
22921;Erich;Engel
22984;Robert;Englund
23010;Lyle;Enright
23016;Marco;Enríquez
23027;Geoffrey;Enthoven
23159;Rainer;Erler
23162;Leif;Erlsboe
23180;Egidio;Eronico
23213;Leo;Esakya
23229;Kirsten;Esch
23234;"Eric (I)";Escobar
23245;"Vicente (I)";Escrivá
23248;Pedro;Escudero
23274;Telmo;Esnal
23348;Constantino;Esteves
23357;Luis;Estrada
23388;Michaela;Ettinger
23391;Wolfgang;Ettlich
23478;Bill;Evashwick
23487;August;Everding
23500;Bart;Everson
23504;Semih;Evin
23523;Valie;Export
23531;"Richard (I)";Eyre
23588;Luca;Facchini
23642;Maurice;Failevic
23675;Dzhanik;Faiziyev
23695;Pierre;Falardeau
23720;Harry;Falk
23805;Philip;Farha
23836;Julian;Farino
23933;Norm;Fassbender
23958;Philippe;Faucon
24020;Javed;Fazil
24023;Sibtain;Fazli
24043;Alexandra;Federer
24110;Jutta;Feit
24116;Daniela;Fejerman
24117;Raphael;Fejtö
24176;Federico;Fellini
24182;Simon;Fellows
24273;"Michael (I)";Ferguson
24329;Darren;Fernando
24334;Nihal;Fernando
24346;César;"Fernández Ardavín"
24347;Eusebio;"Fernández Ardavín"
24351;"Adolfo (II)";"Fernández Bustamante"
24366;Guillermo;"Fernández Jurado"
24388;"Emilio (I)";Fernández
24406;"Ramón (I)";Fernández
24457;Davide;Ferrario
24542;Ignazio;Ferronetti
24568;Vladimir;Fetin
24610;Carsten;Fiebeler
24738;Thierry;Filliard
24749;Alexander;Finbow
24776;Travis;Fine
24784;Maria;Finitzo
24804;Ned;Finley
24807;"John B.";Finn
24936;Art;Fisher
24941;Bud;Fisher
24956;"Morgan (I)";Fisher
24966;"Robert A.";Fishman
25001;"Peter (I)";Fitzgerald
25006;Thom;Fitzgerald
25058;"Paul (I)";Flaherty
25116;Dave;Fleischer
25120;Richard;Fleischer
25134;Claude;Fleming
25146;Victor;Fleming
25154;Juan;Flesca
25175;Benedek;Fliegauf
25190;Dave;Flitton
25209;Angel;"Flores Marini"
25229;Robert;Florey
25264;"John (I)";Flynn
25285;Aladár;Fodor
25328;"James (I)";Foley
25358;Marcello;Fondato
25368;Leo;Fong
25369;Timothy;Fong
25372;Yeh;Fong
25377;Angelino;Fons
25390;"José Luis";Font
25391;"José María";Font
25395;Anne;Fontaine
25413;Lori;Fontanes
25459;"Greg (I)";Ford
25466;"John (I)";Ford
25480;Eugene;Forde
25505;Jacques;Forgeot
25539;"José María";Forqué
25592;Claude;Fortin
25674;Aris;Fotiadis
25696;Chris;Fouracre
25718;Brandon;Fowler
25720;Darryl;Fowler
25761;Shayna;Fox
25764;Wallace;Fox
25771;Ciaran;Foy
25784;Augusto;Fraga
25791;Jesús;"Fragoso Montoya"
25812;Hollis;Frampton
25816;"Charles H.";France
25853;Karl;Francis
25863;Pietro;Francisci
25879;Pierre;Franckh
25911;Nikos;Franghias
25942;Melvin;Frank
25947;"Robert (I)";Frank
25965;Eli;Frankel
25973;John;Frankenheimer
25998;Gary;Franses
26028;"Harry L.";Fraser
26063;Stephen;Frears
26068;Riccardo;Freda
26173;Friz;Freleng
26183;Lloyd;French
26200;Oscar;Frenkel
26201;Theo;Frenkel
26249;Martin;Fric
26262;Daniel;Fridell
26280;Gernot;Friedel
26283;Richard;Friedenberg
26288;William;Friedkin
26295;Adam;Friedman
26338;Martyn;Friend
26349;Uwe;Frießner
26364;Ragnar;Frisk
26396;Carl;Froelich
26448;Maurice;Frydland
26464;Gustav;Fröhlich
26468;Susan;Frömke
26471;Kurt;Früh
26496;"Peter (I)";Fuchs
26515;Robert;Fuest
26563;Shozin;Fukui
26583;Lucio;Fulci
26606;Sandra;Fullerton
26614;Gianluca;Fumagalli
26674;Yasuo;Furuhata
26704;Zoltán;Fábri
26735;Thomas;Füting
26750;Gennadi;Gabai
26794;"Gabriella (I)";Gabrielli
26803;Bruno;Gaburro
26829;Marcelo;Gaete
26843;Stephen;Gaghan
26868;Leonid;Gaidai
26903;Radosav;Gajic
26921;"Ahmed Nader";Galal
26974;"Alejandro (I)";Galindo
26982;Rubén;Galindo
26987;Boris;Galkin
26988;Noi;Galkin
27024;Joel;Gallen
27041;George;Gallo
27054;Carmine;Gallone
27068;Mariano;Galperin
27150;Mohan;Gandhi
27173;Anil;Ganguly
27174;Dhirendranath;Ganguly
27192;"Harry A.";Gant
27223;Gary;Garabedian
27231;Márton;Garas
27252;Armando;Garces
27254;"José Luis";Garci
27269;"Bruno (II)";Garcia
27274;"Eddie (I)";Garcia
27275;"Eugene (II)";Garcia
27283;Jane;Garcia
27293;"Nicole (I)";Garcia
27296;"Risa Bramon";Garcia
27373;"Manuel Augusto";"García Viñolas"
27407;"Raúl (VI)";García
27429;Claudia;Garde
27474;Adrián;Garelik
27524;Brian;Garnet
27600;JJ;Garvine
27626;Jacek;Gasiorowski
27644;Karl;Gass
27699;"Giuseppe M.";Gaudino
27751;Roberto;Gavaldón
27837;Bob;Gebert
27853;Philip;Geddes
27891;Peter;Geiger
27931;"Debbie (II)";Geller
27935;Peter;Gelles
27947;O.;Gendebien
27951;Klaus;Gendries
27993;Ernest;Genval
27995;Heidi;Genée
28015;"Mark (II)";George
28032;Ovidiu;Georgescu
28100;Marion;Gering
28129;Douglas;Gerrard
28149;"Harry W. (II)";Gerstad
28156;Didier;Gertsch
28194;Dan;Geva
28195;Noit;Geva
28260;Riccardo;Ghione
28271;Goutam;Ghose
28275;Dilip;Ghosh
28286;Partho;Ghosh
28287;Prafulla;Ghosh
28324;Constantine;Giannaris
28326;Alfredo;Giannetti
28361;"Stephen (I)";Gibbons
28376;Angus;Gibson
28398;"Michael Ferris";Gibson
28435;"Paul E.";Gierucki
28463;Serge;Giguère
28481;Rafael;Gil
28486;Murtaza;Gilani
28507;"Lewis (II)";Gilbert
28535;Jule;Gilfillan
28569;Guy;Gilles
28578;Burt;Gillett
28597;"Joe (II)";Gillis
28608;"Arvid E.";Gillstrom
28739;William;Girdler
28746;Tomris;Giritlioglu
28749;Marino;Girolami
28766;Julianne;Gissler
28772;Amos;Gitai
28802;"Kurt George";Gjerde
28804;Viktor;Gjika
28817;David;Gladwell
28820;Henri;Glaeser
28840;Matthias;Glasner
28872;Barry;Glazer
28908;Pierre-William;Glenn
28958;Obrad;Gluscevic
28972;Wolfgang;Glück
28980;Didi;Gnocchi
28989;Andrea;Gobetti
29002;Jean-Luc;Godard
29015;Tali;Goder
29048;Devendra;Goel
29082;"Theo van";Gogh
29083;Ingrid;Gogny
29109;Menahem;Golan
29117;Danny;Gold
29274;Sidney;Goldsmith
29280;"Allan A.";Goldstein
29307;Jacob;Goldwasser
29337;Predrag;Golubovic
29342;Omar;Gomai
29360;"Miguel (I)";Gomes
29381;"Del Tal";Gomezbeck
29388;Vasili;Goncharov
29390;Milorad;Goncin
29396;Nitza;Gonen
29399;Noam;Gonick
29463;Alejandro;"González Iñárritu"
29471;"José María (I)";"González Sinde"
29476;Javier;"González Álvarez"
29495;"Gregorio (II)";González
29500;Ismael;González
29588;Rob;Goodman
29591;Roger;Goodman
29611;"Clara van";Gool
29622;Krishna;Gopal
29699;"Richard (II)";Gordon
29705;"Scott (VI)";Gordon
29719;Amit;Goren
29782;Rostislav;Goryayev
29839;"Carl (I)";Gottlieb
29864;Rui;Goulart
29889;Edmund;Goulding
29936;Bruce;Gowers
29938;B.C.;Gowrishankar
29957;Hans-Dieter;Grabe
29964;Phil;Grabsky
30043;"William A.";Graham
30049;Sébastien;Grall
30079;Gastone;Grandi
30081;Romain;Grandjean
30097;Gilles;Grangier
30111;Alexis;Granowsky
30159;Jörg;Graser
30185;David;Grau
30194;Walter;Grauman
30227;"Jeremy (II)";Gray
30290;Janet;Greek
30292;"Alfred E.";Green
30303;"David (I)";Green
30317;Guy;Green
30337;"Richard (V)";Green
30349;Walt;Green
30353;Peter;Greenaway
30373;"Barbara (II)";Greene
30378;"David (I)";Greene
30415;Bud;Greenspan
30455;"David (III)";Gregory
30527;Ari;Grief
30534;Tom;Gries
30548;"David (III)";Griffin
30557;"John (XIII)";Griffin
30570;D.W.;Griffith
30582;Keith;Griffiths
30594;J.;Grigaut-Lefévre
30602;Grigoris;Grigoriou
30626;"João Mário";Grilo
30714;Esther;Gronenborn
30727;Richard;Groschopp
30728;Sabine;Groschup
30737;Larry;Gross
30759;"Harry (I)";Grossman
30788;Frédérique;Grou-Radenez
30789;Gilles;Groulx
30792;Hally;Grounds
30833;Daniel;Gruener
30849;Karl;Grune
30861;Christina;Gruppuso
30873;Ivanka;Grybcheva
30893;Jean;Grémillon
30897;Åke;Grönberg
30914;Jörg;Grünler
30948;Carmen;Guarini
30971;Vivian;Gude
30973;Lars;Gudmestad
30981;Tiago;Guedes
30985;Stéphane;Guenin
31016;Roberto;Guerra
31058;Val;Guest
31075;Sujit;Guha
31078;V.V.;Guhanathan
31099;Jean-Claude;Guiguet
31111;"Gérard (I)";Guillaume
31154;Eric;Guirado
31188;"Sampooran Singh";Gulzar
31226;Sturla;Gunnarsson
31249;Dinen;Gupta
31252;Hemen;Gupta
31256;Mridul;Gupta
31259;Sanjay;Gupta
31282;Sergei;Gurov
31296;Maia;Gusberti
31301;Alison;Guss
31326;Frank;Guthke
31375;Bill;Guttentag
31378;Amos;Guttman
31418;Corrado;Guzzanti
31442;Michael;Gwisdek
31445;Lívia;Gyarmathy
31451;Stephen;Gyllenhaal
31517;Emilio;"Gómez Muriel"
31546;Sara;Gómez
31549;Sándor;Góth
31551;Hiroaki;Gôda
31560;Ertem;Göreç
31569;Olaf;Götz
31580;Aram;Gülyüz
31590;Egon;Günther
31614;S.A.;Haafiz
31619;"Mikon A.";Haaksman
31627;Bob;Haas
31646;Andrés;Habegger
31673;Darren;Hacker
31712;Fadil;Hadzic
31748;Neil;Hagar
31749;Rune;Hagberg
31806;Alexander;Hahn
31810;Gerhard;Hahn
31837;Ted;Haimes
31886;John;Halas
31917;Jack;"Haley Jr."
31928;Bruce;Halford
31954;"Dan T.";Hall
31975;"Ken G.";Hall
31979;"Lisa (IV)";Hall
32037;Lasse;Hallström
32077;Gary;Halvorson
32148;Tanja;Hamilton
32253;Guy;Handelman
32257;Peter;Handke
32262;Alan;Handley
32277;Michael;Haneke
32289;Cochin;Hanifa
32295;Sean;Hanish
32308;Derek;Hanlon
32309;James;Hanlon
32359;"Kai (I)";Hansen
32371;"Rolf (I)";Hansen
32377;"Brian (II)";Hanson
32380;"Curtis (I)";Hanson
32396;Eystein;Hanssen
32414;Dusan;Hanák
32424;"Masato (II)";Hara
32518;Rod;Hardy
32548;T.;Hariharan
32554;Margo;Harken
32566;Veit;Harlan
32582;Hugh;Harman
32600;Falk;Harnack
32601;Aaron;Harnick
32610;Lefteris;Haronitis
32611;Mahamat-Saleh;Haroun
32621;Ryan;Harper
32650;"Bill (I)";Harris
32673;"Ian (I)";Harris
32692;Lara;Harris
32719;"Stan (I)";Harris
32732;Bertram;Harrison
32738;"Eric (VI)";Harrison
32749;"Ken (II)";Harrison
32810;"William S.";Hart
32811;Wolf;Hart
32813;László;Hartai
32839;Jill;Hartley
32864;Siegfried;Hartmann
32902;Amanda;Harvey
32903;"Anthony (II)";Harvey
32913;Herk;Harvey
32992;Michael;Haslund-Christensen
32997;Hans;Hass
33037;Jannik;Hastrup
33053;Henry;Hathaway
33068;Karola;Hattop
33096;Reinhard;Hauff
33097;Werner;Hauff
33102;"Dag Johan";Haugerud
33137;Leander;Haußmann
33190;Jordan;Hawley
33218;Wataru;Hayakawa
33235;Russell;Hayden
33253;"Frank (II)";Hayes
33365;Jonathan;Heap
33373;Damon;Heath
33390;Gabriele;Heberling
33394;Suresh;Heblikar
33431;Albert;Hedgepeth
33436;Katrine;Hedman
33482;Chris;Hegedus
33612;Daniel;Helfgott
33613;Bernhard;Helfrich
33675;Ibrahim;Helmi
33702;Clayton;Hemmert
33727;"Anne (II)";Henderson
33731;Dell;Henderson
33735;"Kirk (I)";Henderson
33760;"Jan (II)";Hendriks
33770;Nitza;Henig
33777;Hobart;Henley
33813;"David (III)";Henri
33820;Jens;Henriksen
33824;"Anders (I)";Henrikson
33856;Daniel;Henríquez
33858;Patricio;Henríquez
33865;Marcel;Hensema
33903;Henrik;Herbert
33913;Michael;Herbig
33931;Stephen;Herek
33949;"David (II)";Herman
34044;Fernando;Herranz
34121;Elia;Hershon
34148;"John (I)";Herzfeld
34203;Atef;Hetata
34264;Karl-Heinz;Heymann
34268;Christian;Heymans
34271;Laurent;Heynemann
34468;"Walter (I)";Hill
34472;Heinz;Hille
34507;Lambert;Hillyer
34509;Hassan;Hilmy
34571;Carma;Hinton
34604;Ryuichi;Hiroki
34635;Steve;Hirsen
34649;Hakon;Hirzenberger
34658;"Alfred (I)";Hitchcock
34676;"Jack B.";Hively
34738;Pavel;Hobl
34778;"Stephen (I)";Hodges
34802;"Mona J.";Hoel
34811;Guenter;Hoermann
34848;Jerzy;Hoffman
34870;Carl;Hoffmann
34899;Ilse;Hofmann
34905;Nico;Hofmann
34910;Jack;Hofsiss
34918;"James P. (I)";Hogan
34950;Florica;Holban
34965;Clive;Holden
34987;Agnieszka;Holland
35044;Martin;Hollý
35105;Marius;Holst
35182;Martyn;Hone
35189;Huang;Hong
35197;Heddy;Honigmann
35199;Pirjo;Honkasalo
35257;Stewart;Hopewell
35315;Belo;Horizonte
35324;"Ken (I)";Horn
35362;Israel;Horovitz
35394;Jeremy;Horton
35406;"Louis J.";Horvitz
35485;Brent;Houghton
35521;Anghus;Houvouras
35522;Rob;Houwer
35543;Cal;Howard
35562;"Leslie (I)";Howard
35577;"William K. (I)";Howard
35581;Cary;Howe
35628;"Haukur M.";Hrafnsson
35724;"Michael C.";Huber
35804;Brent;Huff
35849;"Nick (I)";Hughes
35858;"Stephen (I)";Hughes
35882;"Mei Kwan";Hui
35910;"Rick (I)";Hull
35921;Beatrijs;Hulskes
35973;Sammo;"Hung Kam-Bo"
35994;"Chris (I)";Hunt
36003;"Jeremy (II)";Hunt
36005;Lillian;Hunt
36010;"Peter H.";Hunt
36015;"Sarah (II)";Hunt
36071;Arthur;Hurley
36092;"Alfredo (I)";Hurtado
36104;Rolf;Husberg
36118;Mohammed;Hussain
36120;"Nasir (II)";Hussain
36121;Syed;Hussain
36152;Zoltán;Huszárik
36177;"Carl F.";Hutterer
36193;Susan;Huycke
36215;Peter;Hyams
36227;Emil;Hye-Knudsen
36296;Claude;Héroux
36297;Denis;Héroux
36306;Gunnar;Höglund
36359;Epigmenio;Ibarra
36382;"Juan (I)";Ibáñez
36416;Vibeke;Idsøe
36422;Erick;Ifergan
36435;"Álex de la";Iglesia
36440;Edyala;Iglesias
36450;Val;Iglesias
36498;Takamasa;Ikegami
36510;Vladislav;Ikonomov
36522;"Aleksandar (I)";Ilic
36563;Jong-jae;Im
36564;Kwon-taek;Im
36570;Tadashi;Imai
36574;"Koji (II)";Imaizumi
36577;Ahmed;Imamovic
36579;Shohei;Imamura
36584;Vivian;Imar
36601;Hiroshi;Inagaki
36614;Ralph;Ince
36615;"Thomas H.";Ince
36631;"Gonzalo (I)";Infante
36640;Richard;Ingber
36666;"J. Christian";Ingvordsen
36726;"Ignacio F.";Iquino
36811;Eva;Isaksen
36817;Robert;Iscove
36821;Zachary;Isenberg
36827;Wayne;Isham
36845;Sogo;Ishii
36848;Teruo;Ishii
36860;Shotaro;Ishinomori
36870;Yogesh;Ishwar
36885;Nazrul;Islam
36904;Itsumichi;Isomura
36932;Juzo;Itami
36967;Ervin;Iunapuu
36974;Yuri;Ivanchuk
37004;Ivan;Ivanov-Vano
37014;Joris;Ivens
37034;Ratomir;Ivkovic
37036;James;Ivory
37060;G.V.;Iyer
37084;Kazuyuki;Izutsu
37105;Jacques;Jaccard
37111;Jesper;Jack
37170;"Mikey (I)";Jackson
37177;"Philip (I)";Jackson
37187;Wilfred;Jackson
37249;Werner;Jacobs
37288;Georg;Jacoby
37309;Benoît;Jacquot
37393;"Miodrag 'Mija'";Jaksic
37400;Wanda;Jakubowska
37404;Abolfazl;Jalili
37424;Dante;James
37448;"Mark (VII)";James
37488;Miklós;Jancsó
37509;Hwa-yeong;Jang
37620;Efren;Jarlego
37639;Tero;Jartti
37696;B.;Jayachandran
37703;Vikram;Jayanti
37741;Claire;Jeanteur
37742;Christophe;Jeauffroy
37747;Jacek;Jedrzejewicz
37785;Milan;Jelic
37838;"Anders Thomas";Jensen
37869;Kerry;Jensen-Izak
37888;Jin-woo;Jeong
37891;Kil-chae;Jeong
37922;"Anke Solveig";Jeschke
37932;Aage;Jessen
37962;Norman;Jewison
37974;Raghunath;Jhalani
37980;Jaswant;Jhaveri
38006;Sergej;Jigaltsov
38018;Mary;Jimenez
38024;Orlando;"Jiménez Leal"
38049;Yimeng;Jin
38057;Jeff;Jingle
38063;Jaromil;Jires
38084;Léo;Joannon
38085;Phil;Joanou
38091;Caio;Jobim
38122;Sharyn;Joffe
38130;Zoran;Jofranovic
38131;Vasant;Joglekar
38278;"Patrick Read";Johnson
38290;"Russell (II)";Johnson
38304;Tefft;Johnson
38353;Ljiljana;Jojic
38379;Christophe;Joly
38392;"Alex (III)";Jones
38415;"Chuck (I)";Jones
38416;Clark;Jones
38427;"David Hugh";Jones
38480;Moon;Jones
38492;"Rebecca (IV)";Jones
38506;"Stephen (V)";Jones
38533;Per;Jonson
38555;Douglas;Jordan
38622;"Heinz (I)";Josephson
38623;Balwant;Joshi
38681;Arsenije;Jovanovic
38682;Bané;Jovanovic
38692;"Miodrag (I)";Jovanovic
38701;Nikola;Jovicevic
38703;Slobodan;Jovicic
38757;Gérard;Jugnot
38762;Poul;Juhl
38786;Raphaël;Jullien
38787;Karin;Julsrud
38808;Tony;Juneja
38826;Gil;Junger
38830;Carl;Junghans
38847;Nathan;Juran
38893;Kaija;Juurikkala
38909;Stefan;Jäger
38923;Óskar;Jónasson
38936;"Thomas Holm";Jørgensen
38940;Mateus;Júnior
38948;"Hemambharadhara Rao";K.
38954;"Ravi Kumar";K.S.
39008;Philip;Kadelbach
39011;C.K.;Kader
39017;Shireen;Kadivar
39054;"Rolf Peter";Kahl
39085;Shaji;Kailas
39143;Mahmoud;Kalari
39168;Axel;Kalhorn
39169;Fernando;Kalife
39240;Eddie;Kamae
39241;Hussein;Kamal
39245;Steven;Kaman
39320;Jim;Kammerud
39392;Shusuke;Kaneko
39414;Min-ho;Kang
39419;Woo-Suk;Kang
39422;"Young Man";Kang
39423;"Charles T.";Kanganis
39440;Thampi;Kannanthanam
39447;Ove;Kant
39467;Raj;Kanwar
39481;Murlidhar;Kapdi
39508;"Jonathan (I)";Kaplan
39533;"Anand Prasad";Kapoor
39537;Kedar;Kapoor
39540;"Raj (I)";Kapoor
39545;Rishi;Kapoor
39586;Costas;Karagiannis
39624;Jay;Karas
39640;László;Kardos
39644;William;Karel
39661;Ramu;Kariat
39681;Panos;Karkanevatos
39692;Ørjan;Karlsen
39693;Phil;Karlson
39705;Romuald;Karmakar
39716;"Arun Vasudev";Karnatki
39725;Vijayan;Karote
39797;Tsutomu;Kashima
39803;D.D.;Kashyap
39810;A.;Kasilingam
39836;Matti;Kassila
39855;Margarita;Kasymova
39870;Philippe;Katerine
39883;"Akira (I)";Kato
39895;Milton;Katselas
39927;"Jennifer B.";Katz
40004;"Awtar Krishna";Kaul
40006;Mahesh;Kaul
40008;Mani;Kaul
40036;Habib;Kavosh
40039;Ramakant;Kavthekar
40051;Masayuki;Kawai
40082;Yuzo;Kawashima
40144;Brigitte;Kazenwadel
40157;James;Keach
40188;Buster;Keaton
40254;Peter;Keglevic
40255;Dieter;Kehler
40267;William;Keighley
40303;Endri;Keko
40304;Xhanfise;Keko
40313;Fred;Kelemen
40393;"Joanne (I)";Kelly
40432;Karl;Kels
40433;Fred;Kelsey
40436;"James C.";Kelty
40444;Jean;Kemm
40539;J.M.;Kenny
40591;Péter;Kerekes
40599;Ian;Kerkhof
40635;"Robert P.";Kerr
40650;Bill;Kersey
40676;"Henry S.";Kesler
40687;Steven;Kessler
40700;Georges;Ketterer
40701;Marcel;Ketterer
40735;Laleh;Khadivi
40768;Arshad;Khan
40777;"Hamid Ali";Khan
40790;Mehboob;Khan
40800;Sanjay;Khan
40826;Yadav;Kharel
40883;Vladimir;Khotinenko
40912;Abbas;Kiarostami
40936;Beeban;Kidron
40943;Edith;Kiel
40968;Laura;Kightlinger
40992;Kathleen;Kileen
40995;Kenan;Kili
41032;Eung-cheon;Kim
41070;"Jin-hae (III)";Kim
41083;"Ki-duk (I)";Kim
41113;Soo-Kil;Kim
41135;Yeong-hyo;Kim
41173;Ray;Kimsey
41224;"Henry (I)";King
41290;Jack;Kinney
41347;Fritz;Kirchhoff
41456;Takeshi;Kitano
41509;"Sidse Kirstine";Kjær
41511;Palle;Kjærulff-Schmidt
41523;Andrzej;Klamt
41526;Cédric;Klapisch
41543;Josh;Klausner
41554;Bruno;Kleberg
41649;Michael;Klier
41657;León;Klimovsky
41678;"Michael (II)";Klint
41686;Vanca;Kljakovic
41687;Tina;Kloch
41698;Harriett;Kloss
41709;Rob;Klug
41710;Alexander;Kluge
41749;Thierry;Knauff
41763;Seymour;Kneitel
41795;"Sarah (I)";Knight
41834;Julia;Knowles
41868;Danny;Ko
41881;"Young Nam";Ko
41896;"Satoru (I)";Kobayashi
41920;Karl;Koch
41947;"Ágnes (I)";Kocsis
41976;Volker;Koepp
42016;Harsh;Kohli
42050;Djuradj;Kojic
42104;Nicolas;Koline
42191;Dada;Kondke
42198;Marina;Kondratieva
42236;Giorgos;Konstadinou
42240;Grigori;Konstantinopolsky
42241;Panayiotis;Konstantinou
42272;Maarten;Koopman
42285;Sam;Kopetzky
42316;Alexander;Korda
42333;Jaakko;Korhonen
42342;Baltasar;Kormákur
42361;Giorgos;Korras
42380;Natalia;Koryncka-Gruz
42383;Yevgeni;Korzhenkov
42417;Milan;Kosovac
42430;Henry;Koster
42498;Mimis;Kougioumtzis
42532;Igor;Kovacevich
42541;Gedeon;Kovacs
42543;"Steven (I)";Kovacs
42576;György;Kovásznai
42594;Wally;Koz
42625;F.W.;Kraemer
42627;Vladimir;Kraev
42701;Chana;Krapayun
42773;Nicolette;Krebitz
42774;Bruce;Krebs
42790;"Tomás (II)";Krejcí
42800;Kurt;Kren
42852;Maaik;Krijgsman
42877;"Suresh (I)";Krishna
42896;Vijaya;Krishnan
42933;Richard;Kroehling
42946;Roman;Kroitor
42962;William;Kronick
43018;Hajrudin;Krvavac
43095;Stanley;Kubrick
43099;Václav;Kubásek
43115;Anna;Kuczynski
43154;Rodolfo;Kuhn
43180;Nagesh;Kukunoor
43184;Jerzy;Kular
43188;Goran;Kulenovic
43217;Hisatora;Kumagai
43223;Nabh;"Kumar 'Raju'"
43225;"Amar (I)";Kumar
43235;"Ashok (V)";Kumar
43240;Dharam;Kumar
43246;Gyan;Kumar
43249;Indra;Kumar
43259;Kranthi;Kumar
43262;Kundan;Kumar
43266;Mehul;Kumar
43268;"Mohan (I)";Kumar
43269;Naresh;Kumar
43293;Sawan;Kumar
43294;Shanti;Kumar
43296;"Sunil (III)";Kumar
43298;Swaroop;Kumar
43305;Tatsumi;Kumashiro
43323;Joachim;Kunert
43334;Boban;Kunjako
43348;Joseph;Kuo
43358;Breno;Kuperman
43403;Maunu;Kurkvaara
43418;Kiyoshi;Kurosawa
43487;Hanna;Kuts
43534;Vladislav;Kvasnicka
43535;Leonid;Kvinikhidze
43550;Julia;Kwan
43572;"Kam Wong";Kwong
43607;Clea;Kächele
43616;Jacques;Kébadian
43655;Norbert;Kückelmann
43672;Pierre;L'Amare
43682;"Paul (I)";"La Blanc"
43684;Gregory;"La Cava"
43699;Stephen;"La Rocque"
43726;Justo;Labal
43756;Jean-Claude;Labrecque
43851;Óscar;Ladoire
43852;"Jean Paul";Ladouceur
43861;Pascal;Laethier
43921;Matias;Lago
43986;Edvin;Laine
43992;"John (II)";Laing
44002;Károly;Lajthay
44023;N.;Lakshminarayan
44024;"Edward J.";Lakso
44049;Serge;Lalou
44084;"Wai Yin";Lam
44096;Joel;Lamangan
44136;Lothar;Lambert
44172;Staffan;Lamm
44181;"John D.";Lamond
44182;Charles;Lamont
44243;Robert;Land
44245;"Rodolfo (II)";Landa
44352;"Gregory J.";Lanesey
44364;"Franz M.";Lang
44488;Walter;Lantz
44500;Leo;Lapaire
44526;Zeka;Laplaine
44539;Brian;Lapping
44548;Christian;Lara
44624;Ernst;Larsen
44640;"Viggo (I)";Larsen
44655;"Steve Erik";Larson
44659;"Börje (I)";Larsson
44681;Oliver;Lasch
44725;Urban;Lasson
44785;Jeffrey;Lau
44802;"Wai Keung";Lau
44839;Frank;Launder
44859;Christine;Laurent
44880;"Lau (I)";Lauritzen
44897;Jan;Lauth
44923;Hervé;Lavayssière
44939;Isabelle;Lavigne
44980;Norman;Law
44989;Wing-cheong;Law
45001;"Andrew (II)";Lawrence
45077;"Pedro (I)";Lazaga
45116;Armando;Lazo
45211;Philip;Leacock
45218;David;Leaf
45259;"Nikolai (IV)";Lebedev
45299;Alberto;Lecchi
45374;Mathias;Ledoux
45390;"M. David";"Lee III"
45391;J.;"Lee Thompson"
45423;Damian;Lee
45424;"Daniel (II)";Lee
45441;Eon-hie;Lee
45444;"Francis (II)";Lee
45452;Gyu-woong;Lee
45543;"Man-hui (I)";Lee
45577;"Sang-il (I)";Lee
45585;Si-myung;Lee
45587;Siu-Kei;Lee
45592;Spike;Lee
45597;"Su-yeon (I)";Lee
45599;Sun-fung;Lee
45612;Yeon-woo;Lee
45621;"Yuk Jan";Lee
45643;Jack;Leewood
45685;"Andrew (II)";Legge
45704;Austin;Legrew
45733;"Michael (I)";Lehmann
45757;Pekka;Lehto
45768;Damián;Leibovich
45782;Mike;Leigh
45797;Ingemar;Leijonborg
45864;Claude;Lelouch
45885;Richard;LeMay
45888;Grigori;Lemberg
45892;Ella;Lemhagen
45900;Klaus;Lemke
45957;Jan;Lenica
45965;Gary;Lennon
45971;Terry;Lennon
45996;Scott;Lenz
46004;Umberto;Lenzi
46047;Nuno;Leonel
46084;Hubert;Lepka
46146;Michel;Leroy
46148;Serge;Leroy
46156;Daniel;LeSaunier
46171;Witold;Lesiewicz
46205;George;Lessey
46232;Jørgen;Leth
46237;"Marco (I)";Leto
46263;"Hung Wah";Leung
46293;Yeud;Levanon
46309;Les;LeVeque
46315;Jay;Levey
46359;"Allan (I)";Levine
46382;"Barry (I)";Levinson
46396;Abe;Levitow
46407;"Alan (I)";Levy
46444;"Peter J.";Levy
46455;"Wendy (I)";Levy
46460;James;Lew
46477;Gösta;Lewin
46524;"Joseph H.";Lewis
46630;"Tie (I)";Li
46646;"Ying (I)";Li
46698;David;Licata
46709;Demian;Lichtenstein
46749;Wolfgang;Liebeneiner
46767;Max;Liebman
46781;Ramon;"Lieja Alvarado"
46819;Jean-Louis;Lignerat
46837;Prinya;Lilason
46843;Irene;"Lilienheim Angelico"
46845;Peter;Lilienthal
46886;Kevin;Lima
46891;Victor;Lima
46908;Bing;Lin
46926;Selina;Lin
46950;Bredo;Lind
46997;"Max (I)";Linder
47017;John;Lindlöf
47019;Peter;Lindmark
47042;Michael;Lindsay-Hogg
47043;"Sølvi A.";Lindseth
47087;Sebastian;Linke
47088;Richard;Linklater
47122;Magda;Liolis
47135;Philippe;Lioret
47136;Minon;Liotet
47179;Arthur;Lipsett
47188;Oldrich;Lipský
47234;Miguel;Littin
47254;Anatole;Litvak
47301;Alekos;Livaditis
47365;Francisco;Llinás
47387;"Frank (I)";Lloyd
47401;"Tony (II)";Lloyd
47437;Ken;Loach
47482;Adam;Locke-Norton
47488;Grey;Lockwood
47537;"Tom (II)";Logan
47562;Peter;Lohmeyer
47568;Manuel;"Lois Piñeiro"
47569;Saturio;"Lois Piñeiro"
47604;"Michael J.";Lombardi
47619;Jan;Lomnicki
47623;Eitan;Londner
47647;"Mike (II)";Long
47669;Raymond;Longford
47696;Ng;Loo
47714;António;"Lopes Ribeiro"
47771;Del;Lord
47837;William;Lorton
47843;Rolf;Losansky
47877;Patrick;Loubert
47889;W.B.;Loughead
47894;Aku;Louhimies
47963;Alex;Lovy
48000;Jay;Lowi
48016;Mino;Loy
48017;Nanni;Loy
48024;Gustavo;Loza
48042;Marcel;Lozinski
48051;Chin-Ku;Lu
48095;Jean-Claude;Lubtchansky
48115;George;Lucas
48133;Celso;Luccas
48138;"Martín de";Lucenay
48140;Leon;Lucero
48147;Luis;Lucia
48167;Hasrat;Lucknowi
48168;"Munshi Dil";Lucknowi
48204;"Mario C.";Lugones
48262;Sidney;Lumet
48264;Rubens;Lumiere
48307;Morten;Lundgaard
48379;Johann;Lurf
48382;Rod;Lurie
48386;André;Lusicic
48542;"John (VI)";Lyons
48597;Pascal;Légitimus
48633;Ricardo;"López de Lara"
48642;Joan;"López Lloret"
48652;José;"López Rubio"
48680;"José Luis";López-Linares
48693;"Markus A.";Löther
48703;Vibeke;Løkkeberg
48707;Marianne;Lüdcke
48715;"Roger Gnoan";M'Bala
48747;Youssef;Maalouf
48825;"Donald (I)";MacDonald
48850;Paula;MacDougall
48897;Sérgio;Machado
48935;Roy;Mack
49007;Alasdair;Macmillan
49031;Murdock;MacQuarrie
49044;Nicole;Macé
49055;J.J.;Madan
49094;Evangelos;Maderakis
49100;P.;Madhavan
49165;Hector;Maeshiro
49228;Pablo;Magne
49231;Luigi;Magni
49271;József;Magyar
49322;Barry;Mahon
49332;Tony;Mahood
49376;Jacques;Maillot
49381;Vinicius;Mainardi
49388;Martín;Mainoli
49401;Roland;Maislinger
49413;Branko;Majer
49421;Pjer;Majhrovski
49442;Nagendra;Majumdar
49443;Phani;Majumdar
49445;Sushil;Majumdar
49488;Samira;Makhmalbaf
49504;Stanoje;Makivic
49506;Károly;Makk
49593;Harmesh;Malhotra
49604;Anup;Malik
49648;David;Mallet
49650;Marilú;Mallet
49652;Tim;Mallett
49662;Brendan;Malloy
49663;Emmett;Malloy
49674;Lennart;Malmer
49724;Andrei;Malyukov
49837;Harish;Mandyam
49839;Anant;Mane
49840;Datta;Mane
49854;"Luca (I)";Manfredi
49865;Annette;Mangaard
49880;James;Mangold
49881;Babette;Mangolte
49892;M.S.;Mani
49911;Mahesh;Manjrekar
49917;"Joseph L.";Mankiewicz
49935;"Daniel (I)";Mann
49945;"Michael (I)";Mann
49964;Kim;Manners
49994;George;Mannur
50058;Guido;Manuli
50061;Peter;Manus
50082;René;Manzor
50111;Uri;Marantz
50120;Jean;Marboeuf
50149;Olivier;Marchal
50150;Raúl;"Marchand Sánchez"
50163;Lucas;Marcheggiano
50191;Greg;Marcks
50221;Tino;Marcos
50265;Petr;Marek
50288;Antonio;Margheriti
50292;Amalia;Margolin
50302;Jeff;Margolis
50329;Prvoslav;Maric
50344;"Edwin L.";Marin
50361;Alejandra;Marino
50395;Alberto;Mariscal
50399;Ernst;Marischka
50411;Eisha;Marjara
50422;Anatoli;Markelov
50424;Chris;Marker
50433;Dave;Markey
50459;"Gregory J.";Markopoulos
50647;"George (I)";Marshall
50682;Tonie;Marshall
50701;"Miguel (I)";Marte
50707;Lucrecia;Martel
50780;"James R.";Martin
50791;"Karl Heinz";Martin
50871;Italo;Martinenghi
50874;"José Celso";"Martinez Correa"
50876;Barbara;"Martinez Jitner"
50921;Sergio;Martino
50926;"Francesco Ranieri";Martinotti
50944;"Leslie H.";Martinson
50948;Amasi;Martirosyan
50951;Andrew;Marton
51001;Carlos;"Martínez Arredondo"
51028;Adolfo;"Martínez Solares"
51097;Leonid;Maryagin
51104;Joseph;Marzano
51105;Marino;Marzano
51127;Marcelo;Masagão
51142;Marc;Masciandaro
51156;Kôichi;Mashimo
51159;Octavi;Masia
51170;Plamen;Maslarov
51176;Andriy;Maslov
51179;Adam;Mason
51210;Ezio;Massa
51225;Sabine;Massenet
51229;Ivana;Massetti
51250;Laetitia;Masson
51264;"Deborah (II)";Masters
51273;Scott;Masterson
51276;Nico;Mastorakis
51278;Camillo;Mastrocinque
51283;Duilio;Mastroianni
51292;"Toshio (I)";Masuda
51301;Pedro;Masó
51311;Dalibor;Matanic
51379;R.D.;Mathur
51385;Mladen;Maticevic
51405;Momir;Matovic
51407;Ernst;Matray
51419;Yusaku;Matsuda
51443;Shoji;Matsumura
51454;Rainer;Matsutani
51521;Mario;Mattoli
51530;Arne;Mattsson
51551;Rudolph;Maté
51578;Roberto;Mauri
51660;"Paul (I)";May
51672;Russ;Mayberry
51673;John;Maybury
51700;Les;Mayfield
51705;Hanna;Maylett
51707;Bill;Maylone
51711;Malinda;Maynor
51738;Albert;Maysles
51768;Carlo;Mazzacurati
51794;Massimo;Mazzucco
51797;Gyula;Maár
51827;"Tim (II)";McAuliffe
52000;Bret;McCormick
52012;Rory;McCourt
52023;"Terri (I)";McCoy
52078;Wallace;McCutcheon
52080;Adam;McDaniel
52089;Joe;McDermott
52104;"Frank (I)";McDonald
52120;"Stuart (IV)";McDonald
52148;Ross;McElwee
52153;Vincent;McEveety
52185;Chris;McGill
52209;J.P.;McGowan
52227;"Joseph (I)";McGrath
52229;Rae;McGrath
52245;Thomas;McGuane
52304;"Chris (I)";McKay
52369;Robert;McKimson
52380;Heather;McKinnon
52382;Morag;McKinnon
52393;"Andrew V.";McLaglen
52403;"Mark (II)";McLaughlin
52441;Conor;McMahon
52460;Ken;McMullen
52480;"Sean (I)";McNamara
52494;Shane;McNeil
52496;"Robert Duncan";McNeill
52544;"John (I)";McTiernan
52562;Thomas;Mead
52563;Wrik;Mead
52571;Shane;Meadows
52626;"José (VII)";Medina
52651;Aleksandr;Medvedkin
52667;Jeanine;Meerapfel
52690;Sadhu;Meher
52704;Prakash;Mehra
52705;Rajiv;Mehra
52707;"Umesh (I)";Mehra
52727;Kanti;Mehta
52728;Ketan;Mehta
52729;L.;Mehta
52912;Ayelet;Menahemi
52927;Loren;Mendell
52939;Aquilino;Mendes
52941;"David França";Mendes
52965;Teresa;Mendicuti
52983;"Linda (I)";Mendoza
52992;Dominic;Menegon
53049;Johnny;Mental
53076;Óscar;Menéndez
53080;Ron;Meraska
53089;Victoria;Mercanton
53117;Michael;Meredith
53119;John;"Meredyth Lucas"
53170;Kieth;Merrill
53213;Titus;Mesaros
53247;Otto;Messmer
53354;Michel;Meyer
53363;"Ron (I)";Meyer
53371;Tyler;Meyer
53382;Dalia;Meyerovich
53398;Steef;Meyknecht
53439;Anthony;Michael
53455;Yiorgos;Michaelidis
53493;Manuel;Michel
53508;"Ivo Barnabò";Micheli
53522;Coci;Michieli
53532;Matt;Mickelson
53549;Vanessa;Middleton
53589;Hugues;Mignault
53590;Louise;Mignault
53621;Sándor;Mihályfy
53640;"Ted V.";Mikels
53650;Nikita;Mikhalkov
53652;Boris;Mikhin
53667;Marja;Mikkonen
53735;Kristijan;Milic
53744;Billy;Milionis
53749;Eno;Milkani
53758;Catherine;Millar
53782;"Ashley (I)";Miller
53800;Crandall;Miller
53816;"George (II)";Miller
53849;"Mark (XIV)";Miller
53853;"Max (VI)";Miller
53865;"Ned (I)";Miller
53869;"Paul (I)";Miller
53892;"Sidney (I)";Miller
53903;Troy;Miller
53905;"Walter C.";Miller
53928;Sherry;Millner
53986;Branko;Milosevic
53988;"Miodrag (II)";Milosevic
54056;Lani;Minella
54089;Charlie;Minn
54147;Emilio;Miraglia
54166;Tamara;Miranda
54194;François;Miron
54199;Sergei;Miroshnichenko
54201;Ángel;Mirou
54230;Don;Mischer
54246;Aleksei;Mishurin
54254;Attila;Mispál
54259;Helke;Misselwitz
54268;Eric;Mistler
54356;Chitra;Mitra
54364;Shibu;Mitra
54381;Thomas;Mitscherlich
54407;Catalin;Mitulescu
54441;"Kenji (I)";Mizoguchi
54443;Moshé;Mizrahi
54469;Ariane;Mnouchkine
54491;Wolf;Mocikat
54496;Jean-Pierre;Mocky
54550;"John (I)";Moffitt
54553;Vibe;Mogensen
54558;Luis;"Moglia Barth"
54577;"Yousef Shaaban";Mohammed
54585;Surendra;Mohan
54654;"Hans Petter";Moland
54656;Gustaf;Molander
54668;Hilly;Molenaar
54732;"Péter (II)";Molnár
54736;Kevin;Moloney
54744;Giorgio;Molteni
54758;Antonio;Momplet
54824;Carlos;Mongrand
54908;"Jesús Manuel";Montané
54953;Enrico;Montesano
54983;Gustavo;"Montiel Pagés"
54992;Yves;Montmayeur
55054;Eoin;Moore
55110;"Tom (II)";Moore
55121;George;Moorse
55140;Jesús;Mora
55168;Andrew;Morahan
55170;"José Álvaro";Morais
55258;"João (I)";Moreira
55278;Lea;Morement
55305;Robert;Moresco
55330;"Greg (II)";Morgan
55355;"Scott (VII)";Morgan
55377;"Kazuo (I)";Mori
55381;Tatsuya;Mori
55407;Kenjiro;Morinaga
55414;Stefano;Moris
55419;Stéphane;Morissette
55424;Yoshimitsu;Morita
55447;"Camille de";Morlhon
55493;Errol;Morris
55578;Douglas;Morse
55588;"Ahmed Kamel";Morsi
55605;Marcus;Mortimer
55606;Richard;Mortimer
55611;Bill;Morton
55636;"Anthony James";Mosa
55650;Ion;Moscu
55661;Frank;Moser
55679;Guy;Moshe
55700;Shaun;Mosley
55735;Carlo;Mossy
55738;Niazi;Mostafa
55743;Frank;Mosvold
55746;Fernand;Moszkowicz
55771;Luis;Mottura
55784;Badry;Moujais
55790;Luc;Moullet
55804;Sarky;Mouradian
55841;"John Llewellyn";Moxey
55854;Manuel;Mozos
55887;Stanislaw;Mucha
55925;Amir;Muhammad
55961;Hrishikesh;Mukherjee
55974;Sailajanand;Mukherji
55977;Subodh;Mukherji
55984;Russell;Mulcahy
56015;Amar;Mullick
56066;Kornél;Mundruczó
56116;Manuel;"Mur Oti"
56133;Kazuma;Muraki
56156;"Aleksandr (I)";Muratov
56157;"Aleksandr (II)";Muratov
56160;Mitsuo;Murayama
56171;Mircea;Muresan
56183;Anja;Murmann
56184;F.W.;Murnau
56185;Wolfgang;Murnberger
56222;"Maurice (II)";Murphy
56230;Ralph;Murphy
56251;"Colin (III)";Murray
56308;Zulfikar;Musakov
56323;Michael;Muschner
56350;"Houssam El-Din";Mustafa
56371;S.P.;Muthuraman
56439;Keith;Myers
56469;Carsten;Myllerup
56490;Galina;Myznikova
56511;Aleksi;Mäkelä
56530;Georges;Méliès
56542;Nicolás;Méndez
56553;Márta;Mészáros
56560;Gábor;Móray
56575;Steen;"Møller Rasmussen"
56576;"Andreas (I)";Møller
56607;"Hans (II)";Müller
56633;Nikolai;Müllerschön
56649;Kaveh;Nabatian
56682;Amir;Naderi
56691;Vivian;Naefe
56696;Hiren;Nag
56700;T.S.;Nagabharana
56724;Masahiko;Nagasawa
56744;Anil;Nagrath
56785;V.K.;Naik
56801;Mira;Nair
56807;"R. Velappan";Nair
56839;Nobuo;Nakagawa
56879;Spencer;Nakasako
56914;Ki-nam;Nam
56939;Kushan;Nandy
56964;Kimberly;Napoli
56976;Yusuf;Naqvi
56983;T.N.;Narasimhan
57004;Flavio;Nardini
57042;Janusz;Nasfeter
57055;Simon;Nash
57113;Bernard;Nathanson
57133;Gédéon;Naudet
57134;Jules;Naudet
57152;Gregory;Nava
57162;Agustín;Navarro
57192;"J. Erastheo";Navoa
57198;Raja;Nawathe
57202;"Prabhakar Manajirao";Nayak
57209;R.K.;Nayyar
57221;Ray;Nazarro
57241;Aubrey;Nealon
57265;Barbara;Necek
57299;Jamie;Neese
57329;Marta;Nehring
57339;"Roy William";Neill
57355;Werner;Nekes
57400;"Michael J.";Nelson
57402;"Ralph (I)";Nelson
57437;Ted;Nemeth
57508;Erich;Neuberg
57520;Max;Neufeld
57538;"Kurt (I)";Neumann
57583;Chris;Newberry
57597;Mike;Newell
57621;"Joseph M.";Newman
57638;Ted;Newsom
57659;Francis;Ng
57671;Wui;Ng
57684;"Hong Sen";Nguyen
57743;"Charles A.";Nichols
57755;Sara;Nichols
57782;"Michael A.";Nickles
57825;Igaal;Niddam
57882;"George T.";Nierenberg
57903;"José Antonio";"Nieves Conde"
57914;William;Nigh
57920;Govind;Nihalani
57922;Anette;Niia
57949;"Yelena (I)";Nikolayeva
57957;"Miodrag (II)";Nikolic
57961;Dimitra;Nikolopoulou
57968;Grigori;Nikulin
57991;Nonzee;Nimibutr
58036;Akira;Nishimori
58078;Ivan;Nitchev
58103;"Laura (II)";Nix
58143;Maurice;Noble
58168;Rudolf;Noelte
58217;Robert;Noll
58238;Tommy;Noonan
58262;Solveig;Nordlund
58285;Scott;Norlund
58295;Russell;Norman
58303;"Jurandyr Passos";Noronha
58322;Yuri;Norstein
58330;Wilfrid;North
58343;Ezekiel;Norton
58358;Max;Nosseck
58359;Noel;Nosseck
58365;Elvira;Notari
58403;María;Novaro
58516;Frank;Nunez
58557;Sokly;Ny
58573;Márton;Nyitrai
58599;Petter;Næss
58607;F.A.;"Nöggerath Sr."
58627;"Pablo (II)";Núñez
58639;Dan;O'Berry
58709;"Hugh (II)";O'Connor
58731;"Damien (I)";O'Donnell
58777;"Tim (II)";O'Hara
58843;"Pat (I)";O'Neill
58870;Damon;O'Steen
58899;Max;Obal
58975;Erik;Ode
59040;Ariel;Ogando
59043;Genrikh;Oganisyan
59052;Shinsuke;Ogawa
59091;Ovanes;Ohanian
59113;"Robert Christopher";Ohlson
59136;S.K.;Ojha
59144;I.;Okada
59154;Kihachi;Okamoto
59157;Yoshiki;Okamoto
59167;A.;Okazaki
59179;Hiroyuki;Oki
59254;Carlos;Olguin-Trelawny
59259;Tim;Oliehoek
59263;Margreth;Olin
59288;Maria;Oliveira
59289;"Pedro (III)";Oliveira
59351;Christina;Olofson
59355;Oyewole;Olowomojuore
59365;Christine;Olsen
59479;Fabien;Onteniente
59487;Susumu;Ooka
59551;"Juan de";Orduña
59563;Gastón;Orellana
59569;Alevise;Orfanelli
59588;Joaquín;Oristrell
59676;"Juan José";Ortega
59719;"Harold (II)";Orton
59723;Juan;Ortuoste
59754;"Mark (I)";Osborne
59825;Wakayama;Osuma
59828;Gerd;Oswald
59832;"Richard (I)";Oswald
59875;Fulvio;Ottaviano
59923;Idrissa;Ouedraogo
59930;Ahmad;Ourfan
59950;Sanny;Overbeeke
60026;Shigehiro;Ozawa
60033;François;Ozon
60036;Mariano;"Ozores hijo"
60046;Sundaram;P.N.
60061;"Georg Wilhelm";Pabst
60147;Anthony;Page
60175;Luc;Pagès
60178;Ken;Pagé
60203;Josh;Pais
60226;George;Pal
60253;Carlos;Palau
60273;Steve;Paley
60277;Rick;Palidwor
60312;Ulf;Palme
60328;Harry;Palmer
60345;"Tony (I)";Palmer
60357;Ed;Palmos
60396;Dan;Pan
60409;Norman;Panama
60420;"Dalsukh M.";Pancholi
60429;R.;Pandiaraajan
60501;"B. Ramakrishnaiah";Panthulu
60511;"Hsueh Li";Pao
60515;"Juan Esteban";Paoletta
60566;Nikos;Papatakis
60589;Krsto;Papic
60605;"Peter A.";Pappas
60614;Gilles;Paquet-Brenner
60638;Raja;Paranjpe
60642;Pankaj;Parashar
60649;"Joseph F.";Parda
60675;"John F.K.";Parenteau
60707;Dean;Parisot
60716;Cheol-su;Park
60728;"Hye Jung";Park
60755;Tae-chan;Park
60760;Yong-jun;Park
60774;"Brett (II)";Parker
60836;Gordon;"Parks Jr."
60896;Reza;Parsa
60944;Inés;París
60976;Marty;Pasetta
60990;Goran;Paskaljevic
61055;"Shree Nath";Patankar
61072;Ishu;Patel
61075;Krutin;Patel
61093;Vincent;Paterson
61100;Pramod;Pati
61113;Stuart;Paton
61120;"Eric (I)";Patrick
61123;Liz;Patrick
61150;"Michael (I)";Patterson
61161;Michael;Pattinson
61170;Parris;Patton
61174;Purnendu;Pattrea
61177;Jayoo;Patwardhan
61178;Nachiket;Patwardhan
61181;Peter;Patzak
61222;Jean-Paul;Paulin
61301;G.P.;Pawar
61319;Alexander;Payne
61367;Glenn;Pearce
61409;Raoul;Peck
61463;Ravindra;Peepat
61467;Larry;Peerce
61516;Matteo;Pellegrini
61541;"Matthew J.";Pellowski
61569;João;Penalva
61600;Sean;Penn
61605;D.A.;Pennebaker
61653;Paola;Peragallo
61660;Stacy;Peralta
61666;Brian;Percival
61671;Norma;Percy
61704;Luigi;Perelli
61707;Pablo;Perelman
61734;"Antonio (I)";Perez
61750;Luc;Perez
61807;Alejandro;Perla
61817;David;Perlov
61838;Bryan;Perraud
61839;René;Perraudin
61844;Léonce;Perret
61857;Laurent;Perrin
61866;Raúl;Perrone
61900;"Scott Allen";Perry
61921;"Lasse (I)";Persson
61970;Pirkka-Pekka;Petelius
62015;Daniel;Petersen
62053;Yeshwant;Pethkar
62085;Elio;Petri
62104;Luigi;Petrini
62111;Giulio;Petroni
62151;"Erik A.";Petschler
62163;William;Pettigrew
62174;Konrad;Petzold
62180;Joseph;Pevney
62206;"Julio Roberto";Peña
62213;Norbert;Pfaffenbichler
62216;Helmut;Pfandler
62223;Michael;Pfeifenberger
62274;Christian;Philibert
62285;"Pierre (I)";Philippe
62364;Tullio;Piacentini
62379;Scott;Piatrowski
62392;Michael;Picarella
62406;Tony;Piccirillo
62476;Alberto;Pieralisi
62483;Leighton;Pierce
62569;Jaigopal;Pillai
62573;Ramachandran;Pillai
62574;Jean-Daniel;Pillault
62581;Benoît;Pilon
62589;María;Pilotti
62595;Michael;Pilz
62647;Jairo;Pinilla
62650;"Ravi Raja";Pinisetty
62665;Claude;Pinoteau
62681;Eduardo;Pinto
62684;Giuseppe;Pinto
62713;"John (II)";Piper
62736;Roberto;Pires
62817;Rafi;Pitts
62834;Mark;Piznarski
62838;Joel;Pizzini
62842;Pite;Piñas
62849;Henri;Plaat
62883;Boots;Plata
62892;Lucas;Platt
62904;Francisco;Plaza
62956;Hay;Plumb
62966;Bill;Plympton
62989;Jeremy;Podeswa
63023;Joze;Pogacnik
63059;"Anne Claire";Poirier
63063;Manuel;Poirier
63081;Bretislav;Pojar
63138;"Jeff (I)";Pollack
63142;Sydney;Pollack
63173;Gennadi;Poloka
63197;Jindrich;Polák
63223;Marina;Ponce
63228;Véronique;Pondaven
63231;Santiago;Ponferrada
63237;Peter;Ponnath
63264;"Marco (I)";Ponti
63270;"Herbert G.";Ponting
63279;D.J.;Pooh
63280;Hans;Pool
63293;Narong;Poomin
63294;Vinai;Poomin
63320;Ion;Popescu-Gopo
63370;"Angela C.";Popp
63377;Ger;Poppelaars
63396;Aleksandr;Porokhovshchikov
63416;"Rafael E.";Portas
63429;"Edwin S.";Porter
63434;Julio;Porter
63469;Louis;Portugais
63495;Juris;Poskus
63505;Werner;Possardt
63511;Ted;Post
63544;B.K.;Pottakkad
63564;Richard;Pottier
63579;A.J.;Poulin
63602;Jean;Pourtalé
63644;"Tony (I)";Power
63694;Maurizio;Pradeaux
63699;Shambhu;Pradhan
63708;A.S.;Pragasam
63716;Augustin;Prakash
63718;"J. Om";Prakash
63726;Suraj;Prakash
63730;Christine;Pramhas
63735;Bernard;Pras
63736;B.V.;Prasad
63744;Udayan;Prasad
63750;S.R.;Pratap
63752;Esodo;Pratelli
63769;Kotayya;Pratyagatma
63800;H.D.;Premaratne
63804;Otto;Preminger
63831;Richard;Press
63894;"Paul B.";Price
63902;Sherman;Price
63941;Barry;Primus
63967;Matthew;Prins
63991;Eugeniusz;Priwieziencew
64004;Andreas;Prochaska
64081;Sergey;Provorov
64099;"Salvador (I)";Pruneda
64120;Peter;Przygodda
64174;Alexis;Puig
64181;Miquel;"Pujol Lozano"
64220;Massimo;Pupillo
64236;Narayan;Puri
64277;Eugene;Py
64290;Daniel;Pyne
64306;Stanislav;Párnicky
64311;Priit;Pärn
64320;Robert;Péguy
64336;"José Luis";"Pérez de Rozas"
64356;"Juan José";"Pérez Padilla"
64395;Severo;Pérez
64397;Francisco;Pérez-Dolz
64407;Edgar;Pêra
64410;Janno;Põldma
64420;Lasse;Pöysti
64427;Marianthi;Qemo-Xhako
64431;Jian;Qi
64453;"Ramón (I)";Quadreny
64454;Otília;Quadros
64487;Carlo;Queeckers
64491;Perdigão;Queiroga
64508;"Elías (I)";Querejeta
64515;Hans;Quest
64561;Marian;Quinn
64581;Mirjam;Quinte
64642;"Arthur Maria";Rabenalt
64663;"Steve (III)";Race
64693;Fons;Rademakers
64698;Bernhard;Radetzki
64706;Babu;Radhakrishnan
64709;P.K.;Radhakrishnan
64764;Gideon;Raff
64770;Matthew;Rafferty
64780;Helmy;Rafla
64794;Vedantam;Raghavaiah
64798;K.;"Raghavendra Rao"
64805;Arne;Ragneborn
64847;Antoine;Raimbault
64859;Ansel;Rainier
64865;Aage;Rais
64872;Yuli;Raizman
64873;A.B.;Raj
64907;M.S.;Rajasekhar
64909;Bala;Rajasekharuni
64911;S.J.;Rajdev
64943;N.B.;Rakhunath
64963;Louis;Ralph
64971;Atma;Ram
64972;Govind;Ram
64977;"K. (I)";Ramachandran
64989;Kodi;Ramakrishna
65000;M.V.;Raman
65003;C.V.;Ramana
65057;Slane;Ramon
65101;Shyam;Ramsay
65102;Tulsi;Ramsay
65125;"Juan Cristóbal";Ramírez
65145;Vicky;Ranawat
65208;Arthur;"Rankin Jr."
65243;"B.A. Subba";Rao
65249;G.R.;Rao
65250;"G.V.R. Sheshgiri";Rao
65293;Benita;Raphan
65306;Gerbert;Rappaport
65345;Harry;Rasky
65408;Gregory;Ratoff
65412;"Filippo Walter";Ratti
65445;P.J.;Raval
65458;Alan;Ravenscroft
65472;U.V.;Ravindranath
65484;Rahul;Rawail
65487;C.L.;Rawal
65507;"Billy (I)";Ray
65512;"Fred Olen";Ray
65520;Nicholas;Ray
65523;Satyajit;Ray
65567;Rahim;Razali
65578;Al;Razutis
65601;Austin;Reading
65622;"Juan Pablo";Rebella
65636;"Javier (I)";Rebollo
65664;Hassan;Reda
65679;"K.S. Rami";Reddy
65687;Sridhar;Reddy
65761;Annelise;Reenberg
65791;"Richard (III)";Reeves
65824;Shiv;Regmi
65844;Kai;Rehmann
65846;Darryl;Rehr
65853;Uschi;Reich
65862;François;Reichenbach
65908;Wallace;Reid
65933;Ernst;Reinboth
65942;"Emil E.";Reinert
65948;"Gottfried (I)";Reinhardt
65957;Lotte;Reiniger
65963;Steve;Reinke
65964;Harald;Reinl
65967;Roel;Reiné
65977;Sándor;Reisenbüchler
66048;Filip;Remunda
66061;"Jacques (I)";Renard
66078;Guillermo;Rendón
66207;Sarah;Revoltella
66248;"Jose Javier";Reyes
66249;Lore;Reyes
66302;Dominick;Reyntiens
66303;Raf;Reyntjens
66387;Xavier;Ribera
66399;Leonardo;Ricagni
66434;"William (I)";Rice
66444;Richard;Rich
66465;Dai;Richards
66490;"Bruce (I)";Richardson
66497;"Frank (III)";Richardson
66553;"Hans (II)";Richter
66561;"Roland Suso";Richter
66607;George;Ridgwell
66655;Klaus;Rifbjerg
66676;Gennaro;Righelli
66684;Tassos;Rigopoulos
66691;Annette;Riisager
66781;Javier;Rioyo
66815;James;Riseden
66818;Dino;Risi
66820;Matías;Risi
66859;"Martin (I)";Ritt
66861;Bhandit;Rittakol
66892;Daniel;Rivas
66932;Gabrielle;Rivette
66942;Kevin;Rixon
66967;Chris;Roache
66986;Giovanni;Robbiano
67000;"Matthew (I)";Robbins
67103;"David (VII)";Robertson
67107;Graham;Robertson
67112;"John S. (I)";Robertson
67242;Santiago;Roca
67270;"Paloma (II)";Rocha
67314;Alexandre;Rockwell
67361;Rodolfo;Rodobertti
67395;Andy;Rodriguez
67397;"Eddie (II)";Rodriguez
67419;"Robert (I)";Rodriguez
67431;Universindo;"Rodríguez Díaz"
67445;Ángel;"Rodríguez Vázquez"
67464;"Ismael (I)";Rodríguez
67478;Marina;Rodríguez
67524;Ted;Roesgen
67564;"Duncan M.";Rogers
67580;"Richard P.";Rogers
67621;Eric;Rohmer
67624;Susan;Rohrer
67641;Pablo;"Rojas Vivar"
67658;Orlando;Rojas
67663;Walter;Rojas
67665;A.J.;Rojess
67693;Gernot;Roll
67746;"Pepe (I)";Romay
67789;Mikhail;Romm
67819;"J. Emilio";Rondeau
67833;Mariana;Rondón
67842;Mika;Ronkainen
67848;Jurriën;Rood
67872;"Prosper de";Roos
67911;"Silvio Laurenti";Rosa
67923;"Enrique de (I)";Rosas
67979;Warner;Rose
68013;"Steve (II)";Rosenbaum
68037;Dennis;Rosenblatt
68043;Arturo;Rosenblueth
68084;"David M.";Rosenthal
68265;Miles;Roston
68267;Stanislav;Rostotsky
68301;"Phillip J.";Roth
68359;Jean;Rouch
68439;Francisco;"Rovira Beleta"
68462;"Roy (I)";Rowland
68513;"Prafulla (I)";Roy
68515;Ray;Roy
68521;Sudhendu;Roy
68544;Federico;Rozenberg
68553;Willy;Rozier
68627;Vicent;Rubio
68731;Julio;"Ruiz Llaneza"
68765;Raoul;Ruiz
68781;"Juan Carlos";Rulfo
68897;Dave;Ruth
68936;"Chris 'Kit'";Ryan
68969;Ladislav;Rychman
68989;Stellan;Rye
69021;"Ákos (II)";Ráthonyi
69044;Tamás;Rényi
69055;Diego;Rísquez
69086;David;Rühm
69098;Margit;Saad
69138;Karl;Sabbagh
69163;Heinrich;Sabl
69165;Ken;Sable
69191;Gulshan;Sachdeva
69211;Albert;Sackl
69233;Alejandro;Saderman
69282;Philippe;Safir
69299;Ramanand;Sagar
69336;Besim;Sahatçiu
69354;Yoichi;Sai
69368;Ramesh;Saigal
69370;"Bhabendra Nath";Saikia
69374;Edouard;Sailly
69431;T.S.;Saji
69473;Zvonimir;Saksida
69474;Zvonko;Saksida
69495;Xavi;Sala
69496;A.;Salaam
69508;Ronald;Saland
69511;Ayhan;Salar
69526;Ramón;Salazar
69530;Luciano;Salce
69549;Hiner;Saleem
69559;Vincenzo;Salemme
69610;"Leo (I)";Salkin
69622;Murilo;Salles
69624;Walter;Salles
69652;Mikael;Salomon
69687;Pierre;Salvadori
69696;Emimmo;Salvi
69726;"Ashim S.";Samanta
69727;Shakti;Samanta
69752;"Mauro Gia";Samonte
69791;Jacqueline;Samuda
69864;A.W.;Sandberg
69969;Ambrish;Sangal
69991;Nikoloz;Sanishvili
69992;Nikolaj;Sanisrili
70046;Clark;Santee
70125;Tom;Santschi
70158;Hanny;Saputra
70179;Radomir;Saranovic
70197;Deepak;Sareen
70212;Joseph;Sargent
70221;Zia;Sarhadi
70233;"Marvin C.";Sariopero
70265;Hank;Saroyan
70318;I.V.;Sasi
70321;K.N.;Sasidharan
70362;Toshiki;Sato
70389;Mircea;Saucan
70392;Fred;Sauer
70426;Brigitte;Sauriol
70433;Jean-Stéphane;Sauvaire
70452;Garret;Savage
70488;Victor;Saville
70499;Nancy;Savoca
70503;Lauren;Savoy
70533;Greg;Sax
70593;Fabio;Scamoni
70614;Don;Scardino
70637;Romano;Scavolini
70661;Steven;Schachter
70676;"George (I)";Schaefer
70706;Herbert;Schager
70708;Don;Schain
70718;Marcelo;Schapces
70721;Kenneth;Schapiro
70734;Amy;Schatz
70757;Robert;Scheerer
70770;John;Scheinfeld
70773;"A. Hans";Scheirl
70785;Evelyn;Schels
70798;Carl;Schenkel
70804;Mette-Ann;Schepelern
70823;Hans;Scheugl
70827;Paul;Scheuring
70849;Heiko;Schier
70869;Ryan;Schifrin
70911;Dietmar;Schipek
70912;Sebastian;Schipper
70913;Albert;Schipperijn
70932;Herbert;Schlager
70935;Frieder;Schlaich
70940;Craig;Schlattman
70947;Egon;Schlegel
70961;Mark;Schlichter
70967;Christoph;Schlingensief
70998;"Franz Leopold";Schmelzer
71011;Hans-Christian;Schmid
71074;"Rick (I)";Schmidt
71101;Carolin;Schmitz
71142;Dick;Schneider
71145;Helge;Schneider
71150;Lee;Schneider
71155;"Paul (I)";Schneider
71197;Franz;Schnyder
71210;Michael;Schoemann
71214;Susanna;Schoenberg
71217;Pierre;Schoendoerffer
71239;Gunther;Scholz
71272;Holger;Schott
71276;Hans;Schott-Schöbinger
71280;Eric;Schotz
71297;Rolf;Schrader
71312;Lotte;Schreiber
71314;"Rachel L.";Schreiber
71359;Dietrich;Schubert
71363;"Katharina (II)";Schubert
71375;Oliver;Schulbaum
71381;Petr;Schulhoff
71387;"Tom (I)";Schulman
71413;Birgit;Schulz
71422;Soeren;Schulz
71427;O.;Schulz-Kampthenkel
71430;Peter;Schulze-Rohr
71436;Joel;Schumacher
71473;"Tallulah Hazekamp";Schwab
71481;"Mark (I)";Schwahn
71488;"Al (I)";Schwartz
71490;"Bruce (I)";Schwartz
71504;"Mark F.";Schwartz
71506;"Michael (V)";Schwartz
71516;Stefan;Schwartz
71529;Gerhard;Schwarz
71532;"Jeffrey (I)";Schwarz
71549;Ulrike;Schweiger
71575;Georges;Schwizgebel
71590;Jakob;Schäuffelen
71603;Rolf;Schübel
71611;"Uli M.";Schüppel
71613;"Jan (I)";Schütte
71640;Ettore;Scola
71667;"Eric (II)";Scott
71700;"Peter Graham";Scott
71703;Ridley;Scott
71708;"Rod S.";Scott
71726;Aubrey;Scotto
71781;"Fred F.";Sears
71793;"George (I)";Seaton
71796;Chris;Seaver
71832;Antonio;Secchi
71857;Edward;Sedgwick
71876;"Hal (I)";Seeger
71885;"Charles R.";Seeling
71893;Dr.;Seetharamaswamy
71906;Peter;Segal
71933;Branko;Segovic
71934;Daniele;Segre
71993;"Franz (II)";Seitz
71994;"George B.";Seitz
72005;"Steve (I)";Sekely
72033;Michael;Selditch
72040;Titus;Selge
72065;"Oliver L.";Sellers
72132;Aparna;Sen
72142;Mrinal;Sen
72146;Satu;Sen
72184;Mack;Sennett
72201;Rae-myeong;Seok
72226;Federico;Serafín
72280;Frederico;Serra
72288;Carlos;"Serrano de Osma"
72308;Coline;Serreau
72310;Keir;Serrie
72347;K.S.;Sethumadhavan
72364;Javier;Setó
72371;Julius;Sevcík
72391;"Raphael J.";Sevilla
72397;Augusto;Sevá
72415;Didier;Seynave
72429;Rogério;Sganzerla
72454;Boris;Shadursky
72477;Harish;Shah
72479;Kanti;Shah
72493;"Vipul Amrutlal";Shah
72503;Surinder;Shailaj
72511;Andrés;Shakespear
72521;Pradeep;Shakti
72534;Shira-Lee;Shalit
72548;A.;Shamsheer
72550;Vladimir;Shamshurin
72574;"Dilip (II)";Shankar
72577;"K. Ravi";Shankar
72578;Mani;Shankar
72595;Kathleen;Shannon
72655;Anil;Sharma
72726;Alfred;Shaughnessy
72778;Bashar;Shbib
72781;Georgi;Shchukin
72832;Todd;Sheets
72905;Yaoting;Shen
72956;Jack;Sher
72972;Tessa;Sheridan
72973;A.;Sheriff
73004;Ned;Sherrin
73023;Bhaskar;Shetty
73083;Ogino;Shigeji
73101;Hyung-rae;Shim
73135;Sang-ok;Shin
73136;Seung-Soo;Shin
73216;Vladimir;Shmidtgof
73232;Jack;Sholder
73247;Yitzhak;Shor
73256;"Roop K.";Shorey
73353;Doug;Shutte
73383;Raphaël;Sibilla
73424;"George (II)";Sidney
73425;Scott;Sidney
73451;Lois;Siegel
73504;James;Signorelli
73506;Carlos;Siguion-Reyna
73527;Rolf;Silber
73594;"David (III)";Silver
73606;Shelly;Silver
73614;Charlotte;Silvera
73628;"Lloyd A.";Silverman
73659;H.L.N.;Simha
73704;"Claire (I)";Simon
73732;"S. Sylvan";Simon
73745;Yves;Simoneau
73747;Giorgio;Simonelli
73769;Peter;Simons
73796;"Michael (I)";Simpson
73798;"Michael A.";Simpson
73846;Matt;Sinclair
73857;Vittorio;Sindoni
73868;Gail;Singer
73891;"Gul Bahar";Singh
73903;"Rajesh Kumar";Singh
73912;Sujit;Singh
73917;Tony;Singletary
73920;"John (I)";Singleton
73924;Anubhav;Sinha
73930;Mohan;Sinha
73933;Tapan;Sinha
73951;Robert;Siodmak
73970;"Raj N.";Sippy
73981;Gianni;Siragusa
73993;Douglas;Sirk
74048;Esan;Sivalingam
74084;Vilgot;Sjöman
74104;Krsto;Skanata
74131;"Dave (I)";Skinner
74212;Antonio;Skármeta
74214;Edward;Skórzewski
74275;Reuben;Sletten
74308;Dean;Slotar
74319;Carl;Slättne
74335;Jimmy;Smallhorne
74361;Zdenek;Smetana
74368;Moumen;Smihi
74406;"Brian (XV)";Smith
74420;"Christopher (VIII)";Smith
74531;Martyn;Smith
74546;"Mike (XXVIII)";Smith
74559;"Paul (XXV)";Smith
74579;"Ron (II)";Smith
74604;"Steven (VIII)";Smith
74617;"Tony (IV)";Smith
74639;Hanro;Smitsman
74650;Thomas;Smugala
74696;"Michael (I)";Snow
74709;"Keith (II)";Snyder
74717;Zack;Snyder
74721;Phillip;So
74742;Ed;Sobol
74772;Simeon;Soffer
74779;Hugo;Sofovich
74798;Frédéric;Sojcher
74818;Dan;Sokolowski
74825;Peter;Solan
74837;Sandra;Solares
74874;Julián;Soler
74924;Ivan;Solovov
74942;Juan;"Solá Mestres"
74954;Ben;Sombogaart
74959;Scott;Somerndike
75013;Shantilal;Soni
75021;Neil;Sonnekus
75053;Sophan;Sophiaan
75067;Dror;Soref
75076;Bob;Sorger
75089;Carlos;Sorin
75092;Philippe-Emmanuel;Sorlin
75104;Thomas;Sorriaux
75124;Helvio;Soto
75125;"Javier (I)";Soto
75128;Eduardo;Soto-Falcón
75132;"Nicanor de la";Sotta
75242;Izzy;Sparber
75279;John;Specht
75301;Peter;Speetjens
75347;"Sue (I)";Spencer
75350;George;Spenton-Foster
75358;Marco;Speroni
75380;Steven;Spielberg
75382;Götz;Spielmann
75390;Bob;Spiers
75437;Ellen;Spiro
75474;Michael;Sporn
75475;Kathy;Sport
75483;Roger;Spottiswoode
75531;Jan;Spáta
75566;Somching;Srisupap
75592;Randee;"St. Nicholas"
75616;Charley;Stadler
75630;Josh;Stafford
75641;"Juan Bautista";Stagnaro
75739;"Jon (I)";Stanley
75856;Tamara;Staudt
75871;Gerardo;Stawsky
75947;Slavoljub;Stefanovic-Ravasi
75983;"Johanna (I)";Stein
76023;"Rudolf (I)";Steinboeck
76079;John;Stember
76080;Gerard;Stembridge
76082;"Robert A.";Stemmle
76101;Philipp;Stennert
76110;Lukas;Stepanik
76111;"Boris (I)";Stepanov
76178;"David (IV)";Stern
76188;"Noah (I)";Stern
76198;"Steven Hilliard";Stern
76223;Matthias;Steurer
76282;"Robert (I)";Stevenson
76400;Alexander;Stitt
76417;Steven;Stockage
76446;Petar;Stojanovic
76463;Trey;Stokes
76476;Pablo;Stoll
76480;Victor;Stoloff
76528;"Robert (IV)";Stone
76549;Henri;Storck
76557;Esben;Storm
76596;Juliy;Stoyanov
76621;Per-Olof;Strandberg
76622;Steffan;Strandberg
76662;Florence;Strauss
76725;Thomas;Strobl
76835;Jürgen;Stumpfhaus
76878;Marc;Stöcker
76906;Adrián;Suar
76910;"María Fernanda";Suarez
76914;Adurthi;"Subba Rao"
76924;Babbar;Subhash
76934;P.;Subramaniam
76941;Michel;Such
76976;Eizo;Sugawa
76983;"John J.";Sughrue
76991;Shigemichi;Sugita
77010;Oh;Suk-Keun
77040;Brett;Sullivan
77071;"Tim (IX)";Sullivan
77117;Slim;Summerville
77128;Jing;Sun
77129;"Jung Fa";Sun
77150;T.R.;Sundaram
77161;Kjell;Sundvall
77188;"Stefan (I)";Surchadzhiev
77194;"Dmitri (II)";Surensky
77201;Alla;Surikova
77202;Aleksandr;Surin
77233;"A. Edward";Sutherland
77264;Nobuhiro;Suwa
77282;Kensaku;Suzuki
77302;Luis;"Suárez de Lezo"
77303;Alfonso;Suárez
77309;Héctor;Suárez
77312;"Julio (I)";Suárez
77325;Iva;Svarcová
77390;Tirupati;Swamy
77395;"James (I)";Swan
77415;Jack;Swanstrom
77451;Eric;Swelstad
77497;S.U.;Syed
77600;Samy;Szlingerbaum
77641;Sándor;"Szõnyi G."
77653;"José Luis";"Sáenz de Heredia"
77668;Pedro;"Sánchez de la Nieta Barros"
77706;"Miguel Ángel (III)";Sánchez
77714;"Sergio G.";Sánchez
77722;Sándor;Sára
77731;T.J.;Särkkä
77736;Edmond;Séchan
77773;"Ada Bligaard";Søby
77775;Maria;Sødahl
77801;Joe;Tabbanella
77814;"Carlos Enrique";Taboada
77860;Gabriela;Tagliavini
77912;J.T.;Takagi
77921;Banmei;Takahashi
77978;Naoto;Takenaka
78013;Tibor;Takács
78122;Royston;Tan
78159;Ravi;Tandon
78162;Roshan;Taneja
78213;Masato;Tanno
78219;Danis;Tanovic
78227;Al;Tantay
78331;Jerry;Tartaglia
78355;Samuel;Tasinaje
78357;Rex;Tasker
78374;Yevgeni;Tatarsky
78385;"Rama Rao";Tatineni
78415;Norman;Taurog
78439;Bertrand;Tavernier
78440;Nils;Tavernier
78504;"James (IX)";Taylor
78634;Cécile;Telerman
78662;Paul;Temmermans
78667;Julien;Temple
78677;Joram;"ten Brink"
78695;Charlotta;Tengroth
78715;Bert;Tenzer
78721;Doina;Teodoru
78789;"Paul (I)";Terry
78875;Mahendra;Thakore
78881;Ramchandra;Thakur
78884;Katharina;Thalbach
78895;Shrikumaran;Thampi
78929;Otis;Thayer
79038;"Betty (I)";Thomas
79073;"Jay Lee";Thomas
79074;"Jeff (VIII)";Thomas
79101;"Ralph (I)";Thomas
79159;Ernest;Thompson
79188;"Molly (II)";Thompson
79203;Rustin;Thompson
79230;"Andy (I)";Thomson
79235;"Frederick A.";Thomson
79279;Eric;Thornett
79294;Roger;Thorp
79297;"Richard (I)";Thorpe
79326;"Itichakka Plamood";Thulasi
79343;R.;Thyagaraajan
79367;Virginie;Thévenet
79505;Daniel;Tinayre
79508;"John (II)";Tindall
79519;James;Tinling
79562;A.;Tiurin
79576;Johnny;To
79594;"J. Miller";Tobin
79604;"Frank (I)";Todaro
79608;Alejandro;Todd
79691;"Jacques van";Tol
79734;Ivo;Toman
79777;Ben;Tomlin
79813;Wilson;Tong
79819;Hideki;Tonokatsu
79957;Trino;Torres
79968;Gerardo;Tort
79984;Joan;Tosoni
79994;Gianni;Toti
80020;Viktor;Tourjansky
80027;Walter;Tournier
80041;Pierre-Yves;Touzot
80049;Georgi;Tovstonogov
80058;Robert;Towne
80068;"Robert (I)";Townsend
80084;Toshiaki;Toyoda
80095;"Linda Lee";Tracey
80096;Maire;Tracey
80117;David;Trainer
80130;Stefan;Trampe
80334;Carlos;Trilnick
80383;Jan;Troell
80400;Stephen;Trombley
80451;"Pierre M.";Trudeau
80473;"Gilberto (I)";Trujillo
80491;"D. Gillian";Truster
80505;"Nathalie (II)";Trépanier
80540;Jacob;Tschernia
80545;Joachim;Tschirner
80638;Yukihiko;Tsutsumi
80661;Benjamin;Tucek
80676;"George Loane";Tucker
80712;Elbert;Tuganov
80716;"Oddvar Bull";Tuhus
80718;Dick;Tuinder
80736;Montgomery;Tully
80796;Marco;Turco
80820;Mark;Turley
80860;"Kieran (I)";Turner
80899;Jon;Turteltaub
81016;Péter;Tímár
81065;Kokichi;Uchide
81082;Sverre;Udnæs
81098;Ivan;Ufimtsev
81113;Marite;Ugáz
81137;Peter;Ulbrich
81206;Fritz;Umgelter
81249;Hannelore;Unterberg
81271;Aleksandr;Uralsky
81288;Manuel;"Urbano Jr."
81289;Carl;Urbano
81295;Rocco;Urbisci
81318;"José Luis";Urquieta
81328;Eva;Urrutia
81340;Chano;Urueta
81355;"Andrei (II)";Ushakov
81369;Igor;Usov
81402;Milorad;Uzelac
81408;"T. Fikret";Uçak
81412;"Madhusudan Rao";V.
81447;Vasilis;Vafeas
81458;R.N.;Vaidya
81521;Oscar;Valdés
81525;Travers;Vale
81549;"Richard (II)";Valentine
81646;Benoît;Valère
81711;Bart;"Van den Bempt"
81745;Maarten;"van der Gas"
81809;Rob;"Van Eyck"
81825;Louis;"Van Goitsenhoven"
81827;Felix;"Van Groeningen"
81872;Maarten;"van Leeden"
81878;Hein;"Van Liempd"
81926;Frits;"van Rijn"
81928;Pieter;"van Rijn"
81929;Christophe;"Van Rompaey"
81986;Christian;Vandelet
82055;Domingo;Vara
82062;Agnès;Varda
82096;Giuseppe;Vari
82120;"André de la";Varre
82141;Vivek;Vasant
82146;Tiago;Vasconcellos
82163;"Petar B.";Vasilev
82165;Radomir;Vasilevsky
82167;Vladimir;Vasilkov
82171;"Anatoli (II)";Vasilyev
82202;K.;Vasu
82216;J.;Vattoli
82247;Yanush;Vazov
82261;Paul;Vecchiali
82307;Heikki;Veijola
82348;Zdravko;Velimirovic
82360;Carlos;Velo
82429;Fernando;Venturini
82452;George;Veras
82456;Harrie;Verbeek
82499;Felipe;Vergara
82512;Bertram;Verhaag
82517;Roland;Verhavert
82522;Ellen-Alinda;Verhoeff
82524;Michael;Verhoeven
82526;"Paul (II)";Verhoeven
82527;Rayke;Verhoeven
82528;Simon;Verhoeven
82534;Bernard;Verley
82549;Eva;Vermeire
82561;Henri;Verneuil
82578;Marion;Vernoux
82591;Robert;Verrall
82645;Paul;Vester
82720;Michael;Victor
82786;Berthold;Viertel
82799;Nacho;Vigalondo
82808;Daniel;Vigne
82814;Lorenzo;Vignolo
82827;G.S.;Vijayan
82832;Suju;Vijayan
82833;"Sunder K.";Vijayan
82837;Herbert;Viktor
82863;Ángel;Vilches
82887;Jorge;Villalobos
82907;Agustín;Villaronga
82934;"Juan (II)";Villegas
82953;Bernard;Villiot
82971;Master;Vinayak
82975;A.;Vincent
83017;Chuck;Vinson
83049;Christian;Virmond
83071;K.;Vishwanath
83088;P.G.;Viswambharan
83094;"Darío Eduardo";Vitacca
83110;Antoine;Vitkine
83142;"Román (I)";"Viñoly Barreto"
83169;Frank;Vogel
83170;François;Vogel
83185;Viki;Voglar
83208;Sören;Voigt
83252;Yuri;Volodarsky
83255;Reinaldo;Volpato
83263;Patrick;Volson
83276;Axel;"von Ambesser"
83279;Mirjam;"von Arx"
83281;Peter;"von Bagh"
83288;Géza;"von Bolváry"
83295;Josef;"von Báky"
83306;Géza;"von Cziffra"
83315;Katja;"von Garnier"
83335;Ilo;"von Jankó"
83369;Rosa;"von Praunheim"
83395;Rolf;"von Sydow"
83396;"Ernst R.";"von Theumer"
83402;Johann;"von Vásáry"
83483;Christos;Vouporas
83517;Annick;Vroom
83533;Stéphane;Vuillet
83545;Dusan;Vukotic
83546;Rangel;Vulchanov
83575;Thomas;Vámos
83655;"Homi (I)";Wadia
83658;Nicolas;Wadimoff
83671;Paul-Albert;Wagemann
83696;Jane;Wagner
83704;"Martin (I)";Wagner
83751;Mauricio;Wainrot
83760;Andrés;Waissbluth
83763;Mark;Waites
83766;Andrzej;Wajda
83796;Bob;Waldman
83838;"Giles (I)";Walker
83882;"Sarah (V)";Walker
83886;"Susan F.";Walker
83914;"Jessie (II)";Wallace
83935;Annabelle;Waller
84009;Raoul;Walsh
84055;Jack;Walworth
84057;Martin;Walz
84094;Hoo;Wang
84126;"Steve (I)";Wang
84214;"Ernest C.";Warde
84235;Andy;Warhol
84241;"Alex van";Warmerdam
84244;Jesse;Warn
84248;Lothar;Warneke
84278;Hal;Warren
84311;Erich;Waschneck
84338;Michal;Waszynski
84350;Kazushi;Watanabe
84362;"Takashi (I)";Watanabe
84375;Rita;Waterhouse
84397;Peter;Watkins
84446;"Tom (II)";Watts
84487;Gillian;Wearing
84503;"Bill (II)";Webb
84509;Jack;Webb
84526;"Tim (II)";Webb
84535;Peter;Webber
84582;Maj;Wechselmann
84595;Dieter;Wedel
84612;Stephen;Weeks
84617;Apichatpong;Weerasethakul
84619;"Janneke de";Weerdt
84651;Alfred;Weidenmann
84701;James;Weiner
84707;Stefan;Weinert
84769;Rudolf;Weiser
84790;Glenn;Weiss
84794;Jirí;Weiss
84811;"Robert K.";Weiss
84827;"David (I)";Weissman
84834;Martin;Weisz
84835;Chris;Weitz
84836;Paul;Weitz
84843;Ulrich;Weiß
84919;"Tom (II)";Welsh
84989;"Alfred L.";Werker
84992;Christoph;Wermke
85007;Katharina;Werner
85021;Elke;Werry
85115;Lars;Westman
85161;Jonathan;Weyland
85182;Theodore;Wharton
85197;"David (I)";Wheeler
85203;"J. Robinson";Wheeler
85230;Judge;Whitaker
85273;"James H.";White
85279;Jules;White
85290;"Michael J.";White
85368;Gary;Whitson
85398;Bob;Wickersham
85425;Richard;Wiebe
85445;Joyce;Wieland
85448;Brita;Wielopolska
85489;Mark;Wihak
85540;Klaus;Wildenhahn
85575;Kurt;Wilhelm
85577;Manfred;Wilhelms
85578;Johan;Wilhelmson
85623;Roland;Willaert
85706;"J. (I)";Williams
85735;"Lawrence (III)";Williams
85772;"Ryan R.";Williams
85803;Fred;Williamson
85806;"James (I)";Williamson
85873;"Colin (VII)";Wilson
85875;"Daniel (V)";Wilson
85962;Scott;Winant
85967;Anette;Winblad
85975;Michel;Winckler-Krog
86015;"Gary (I)";Winick
86019;Adolf;Winkelmann
86049;Ariel;Winograd
86086;Michael;Winterbottom
86093;"Larry (I)";Winters
86110;Walter;Wippersberg
86116;"Franz Peter";Wirth
86180;David;Wittenberg
86243;William;Wolbert
86265;"Jeffrey (III)";Wolf
86303;Ludwig;Wolff
86309;Willi;Wolff
86312;Rainer;Wolffhardt
86323;Douglas;Wolfsperger
86376;Chun-Yeung;Wong
86398;"Kar Wai";Wong
86415;"Paul (IV)";Wong
86432;Chalerm;Wongpim
86489;"Sam Taylor";Wood
86513;Bille;Woodruff
86531;"Mark Kenneth";Woods
86691;"Walter (III)";Wright
86698;Donald;Wrye
86820;Bob;Wynn
86827;Paul;Wynne
86830;Jim;Wynorski
86840;Urs;Wäckerli
86883;Jin;Xie
86995;Yoji;Yamada
87016;Matheo;Yamalakis
87079;Shunkai;Yan
87082;Xueshu;Yan
87127;Yehuda;Yaniv
87131;"'Weird Al'";Yankovic
87201;Herman;Yau
87205;Nai-Hoi;Yau
87230;"Irvin S.";"Yeaworth Jr."
87288;Ilan;Yeruham
87292;Vladimir;Yeshurin
87330;Atif;Yilmaz
87355;"Wai Ying";Yip
87356;Wilson;Yip
87404;"Mun Chee";Yong
87423;Eugen;York
87505;Harold;Young
87543;Terence;Young
87557;Robert;Youngson
87593;Ronny;Yu
87660;James;Yukich
87684;Wayne;Yung
87703;S.M.;Yusuf
87735;Miguel;Zacarías
87743;Jozef;Zachar
87768;Teo;Zagar
87773;Giancarlo;Zagni
87792;Eyad;Zahra
87833;"Juan Carlos";Zaldívar
87870;Jaroslaw;Zamojda
87875;Luigi;Zampa
87877;Mario;Zampi
87884;Gianni;Zanasi
87934;Frank;Zappa
88010;Edwin;Zbonek
88021;Marcello;Zeani
88025;Ferdinand;Zecca
88044;Primo;Zeglio
88067;Boris;Zeitlin
88072;Zoran;Zekanovic
88080;Zeke;Zelker
88102;Robert;Zemeckis
88109;Mahmoud;Zemmouri
88178;Arthur;Zgubic
88231;Yumin;Zhang
88258;Binka;Zhelyazkova
88329;Scott;Ziehl
88368;Zelimir;Zilnik
88396;Maja;Zimmermann
88412;Matteo;Zingirian
88441;"Joseph (I)";Zito
88459;Bogdan;Zizic
88475;Wolfram;Zobus
88487;Pál;Zolnay
88514;"José A.";Zorrilla
88572;"Ezzel Dine";Zulficar
88616;Edward;Zwick
88640;Ralf;Zöller
88642;"Guillermo F.";Zúñiga
88659;"Daniel (III)";Álvarez
88677;"Santiago (I)";Álvarez
88702;Marit;Åslein
88704;Calle;Åstrand
88778;Ziya;Öztan
